序号,代码,名称,涨跌幅,最新价,成交额,流通市值,总市值,换手率,封板资金,首次封板时间,最后封板时间,炸板次数,涨停统计,连板数,所属行业,date
1,000635,英 力 特,10.060976028442383,7.22,20182153,2648439071.52,2845644707.52,0.7620395421981812,164141559,092500,092500,0,1/1,1,化学原料,20260901
2,000892,欢瑞世纪,10.0,4.73,54483919,3362078342.92,4640037670.400001,1.6205427646636963,520325546,092500,092500,0,2/2,2,影视院线,20260901
3,002084,海鸥住工,10.031347274780273,7.02,607873920,4525333782.84,4535313456.96,13.432686805725098,275243480,092500,092500,0,7/7,7,家居用品,20260901
4,002679,福建金森,9.96592903137207,12.91,75496776,3043609960.0,3043609960.0,2.4805009365081787,363336070,092500,092500,0,3/3,3,林业Ⅱ,20260901
5,003005,竞业达,9.981851577758789,18.18,68885293,2439659191.5,4206646402.38,2.8235621452331543,319483139,092500,092500,0,3/3,3,IT服务Ⅱ,20260901
6,603721,中广天择,10.0,21.01,96892258,2731300000.0,2731300000.0,3.5474777221679688,117534142,092502,092502,0,2/2,2,影视院线,20260901
7,600892,大晟文化,9.954751014709473,4.86,35357472,2718292944.96,2718995973.1200004,1.3007234334945679,107495424,092504,092504,0,2/2,2,游戏Ⅱ,20260901
8,300413,芒果超媒,20.023557662963867,20.38,2451900320,20822245144.039997,38125290230.08,11.8038911819458,504813231,093000,102100,1,2/2,2,数字媒体,20260901
9,600540,新赛股份,10.071942329406738,6.12,396297600,3558026995.2000003,3558026995.2000003,11.147977828979492,241543107,093000,093000,0,4/4,4,种植业,20260901
10,002855,捷荣技术,10.0,17.71,428020528,4360684278.72,4364092568.22,9.86125659942627,93648709,093006,095815,5,6/6,6,消费电子,20260901
11,002295,精艺股份,10.051814079284668,10.62,223244559,2659533943.5,2661541920.0,8.475007057189941,104908608,093015,103224,3,1/1,1,工业金属,20260901
12,603980,吉华集团,10.0,7.92,366496896,5360520211.2,5360520211.2,6.879114151000977,127623196,093035,100317,1,1/1,1,化学制品,20260901
13,603533,掌阅科技,10.004426956176758,24.85,1173215392,10906586349.75,10906586275.2,10.796040534973145,86535155,093036,102418,3,2/2,2,数字媒体,20260901
14,605577,龙版传媒,9.98116683959961,11.68,292564576,5191111117.599999,5191111152.64,5.6741042137146,46605536,093037,094334,4,2/2,2,出版,20260901
15,600551,时代出版,10.060606002807617,9.08,960131152,6156741570.12,6156741506.56,15.739310264587402,65418131,093045,102833,9,3/3,3,出版,20260901
16,603221,爱丽家居,10.01080322265625,30.55,258406237,7401348500.0,7401348500.0,3.5264596939086914,90479782,093104,093131,1,23/13,1,家居用品,20260901
17,002425,凯撒文化,10.091742515563965,3.6,355896160,3312669322.8,3443994259.2000003,10.942301750183105,144990050,093112,110012,1,1/1,1,游戏Ⅱ,20260901
18,000505,京粮控股,9.943181991577148,7.74,304444944,5123688442.74,5626594981.440001,6.051219463348389,278448396,093127,093127,0,1/1,1,农产品加,20260901
19,601086,国芳集团,10.032715797424316,10.09,299203024,6719940000.0,6719940000.0,4.467645645141602,305632971,093139,093139,0,3/3,3,一般零售,20260901
20,600371,万向德农,10.007880210876465,13.96,618376192,4084388880.0000005,4084388880.0000005,15.353729248046875,138064567,093224,093427,2,11/8,6,种植业,20260901
21,002696,百洋股份,9.969788551330566,7.28,117898954,2433404923.04,2517090867.2000003,4.98239803314209,139166008,093236,093245,1,1/1,1,饲料,20260901
22,000560,我爱我家,10.0,3.19,2684452816,7473175099.61,7514047705.12,36.581817626953125,64996377,093300,112651,5,10/5,3,房地产服,20260901
23,002181,粤 传 媒,9.988518714904785,9.58,361820736,10868865456.32,11122937326.08,3.397562026977539,380600946,093303,093303,0,1/1,1,出版,20260901
24,000019,深粮控股,10.0,7.92,184149042,3296374543.44,9128079164.16,5.720702171325684,190181661,093336,093415,1,1/1,1,农产品加,20260901
25,002104,恒宝股份,10.035842895507812,12.28,451709952,7461593812.879999,8698539964.8,6.17216682434082,294603659,093551,093551,0,1/1,1,通信设备,20260901
26,600693,东百集团,9.989258766174316,10.24,423686960,8898076487.68,8907225497.6,4.835077285766602,238056652,093559,093559,0,1/1,1,一般零售,20260901
27,605365,立达信,9.971909523010254,15.66,120327780,7861521638.16,7861521700.8,1.5612565279006958,104323788,093614,093656,1,1/1,1,照明设备,20260901
28,600313,农发种业,10.027854919433594,7.9,668970960,8549369437.700001,9174854347.2,8.060482025146484,438354947,093631,093631,0,1/1,1,种植业,20260901
29,002172,澳洋健康,9.976798057556152,4.74,637905968,3626767060.2000003,3629571424.32,17.883623123168945,80827902,093724,100300,3,1/1,1,医疗服务,20260901
30,600828,茂业商业,10.075567245483398,4.37,68027907,7566043990.97,7568763717.28,0.9213680624961853,135592360,093728,093728,0,1/1,1,一般零售,20260901
31,605188,国光连锁,9.985315322875977,14.98,429193840,7606042570.0,7606042510.08,5.768131256103516,59626392,093804,101743,3,3/2,1,一般零售,20260901
32,600127,金健米业,9.966776847839355,13.24,1707522912,8497209806.32,8497209779.84,20.90117835998535,357770432,093806,093806,0,12/7,1,农产品加,20260901
33,000711,京蓝科技,10.016977310180664,6.48,737255696,15273456292.800001,19138661959.68,4.94217586517334,288012678,093918,094000,1,3/2,1,环境治理,20260901
34,600830,香溢融通,10.011919021606445,9.23,126299362,4193398954.8100004,4193399000.96,3.0825023651123047,112681196,094015,094421,1,1/1,1,多元金融,20260901
35,000564,供销大集,9.933774948120117,1.66,735570304,25057500011.5,29976385177.6,3.0075747966766357,430109486,094018,094018,0,1/1,1,一般零售,20260901
36,600785,新华百货,9.991312026977539,12.66,691653584,3999088806.7200003,3999088806.7200003,17.757551193237305,146366551,094102,100444,2,8/4,1,一般零售,20260901
37,002470,金正大,9.952607154846191,2.32,374638864,7622929947.44,7623584366.08,5.071969509124756,352446280,094412,094412,0,1/1,1,农化制品,20260901
38,002945,华林证券,10.013717651367188,16.04,814811824,43308000000.0,43308000000.0,1.9170441627502441,323365036,094542,105539,2,1/1,1,证券Ⅱ,20260901
39,002882,金龙羽,9.995372772216797,23.77,433667904,5870953203.26,10290033000.0,7.499398231506348,89078075,094648,104439,2,1/1,1,电网设备,20260901
40,600354,敦煌种业,10.012063026428223,9.12,1091604208,4813554969.599999,4813554969.599999,23.619428634643555,125525016,094832,094953,1,3/2,1,种植业,20260901
41,300189,神农种业,20.031795501708984,7.55,2286343200,6691190701.2,7731200000.0,36.43678665161133,483959152,094957,094957,0,1/1,1,种植业,20260901
42,920855,浙江大农,29.984542846679688,16.82,103119354,1127560843.02,1257014661.06,9.450465202331543,20946097,095040,095828,1,1/1,1,专用设备,20260901
43,605300,佳禾食品,10.051281929016113,10.73,80766857,4875696945.81,4875696892.16,1.6953507661819458,40113053,095055,095119,1,1/1,1,饮料乳品,20260901
44,600121,郑州煤电,9.979633331298828,5.4,822919584,6579425005.200001,6579424972.8,13.120882987976074,156957723,095308,095308,0,2/2,2,煤炭开采,20260901
45,002041,登海种业,10.0,11.88,768205008,10454400000.0,10454400000.0,7.623991012573242,327086789,095354,095354,0,1/1,1,种植业,20260901
46,000721,西安饮食,10.0,7.59,398907296,3888814737.72,4356009567.36,10.43515682220459,87384398,095524,100615,4,1/1,1,酒店餐饮,20260901
47,603123,翠微股份,10.010537147521973,10.44,525735808,6809760907.559999,8338810855.679999,7.881787300109863,251089308,095710,095710,0,1/1,1,多元金融,20260901
48,002703,浙江世宝,10.012063026428223,18.24,1322360160,10689516869.759998,15004814684.159998,12.907878875732422,349544355,095848,095848,0,6/3,1,汽车零部,20260901
49,603376,大明电子,10.003862380981445,28.48,132690537,911382784.0,11392028707.84,14.855506896972656,63225742,100101,100101,0,1/1,1,汽车零部,20260901
50,002721,金一文化,10.034602165222168,3.18,650977328,8456823995.700001,8456823973.440001,7.895667552947998,152889630,100257,101009,2,1/1,1,饰品,20260901
51,605068,明新旭腾,9.983810424804688,20.38,181672411,3305605328.1,3305605328.1,5.652440071105957,85127260,100421,101103,1,1/1,1,汽车零部,20260901
52,003040,楚天龙,10.0,19.58,1724013904,8945128051.64,9029042253.439999,20.256980895996094,319718276,100524,100524,0,8/6,1,通信设备,20260901
53,000998,隆平高科,10.044150352478027,9.97,842940032,13111053943.62,14650397198.080002,6.614274501800537,203469066,100527,100527,0,1/1,1,种植业,20260901
54,603293,埃泰克,10.011154174804688,39.45,192928435,1384557358.95,7065126458.1,14.287827491760254,72895710,100749,100749,0,1/1,1,汽车零部,20260901
55,002015,协鑫能科,9.974746704101562,17.42,2048544912,28278314775.88,28278314671.360004,7.508543014526367,387199687,101033,101033,0,1/1,1,电力,20260901
56,601566,九牧王,10.04672908782959,9.42,136896388,5413081953.0,5413081971.84,2.6176106929779053,63660360,101937,101937,0,1/1,1,服装家纺,20260901
57,600792,云煤能源,9.950248718261719,4.42,222227058,4905862312.0,4905862312.0,4.685800075531006,120878160,102027,102027,0,1/1,1,焦炭Ⅱ,20260901
58,000596,古井贡酒,9.998908996582031,100.88,624340240,41219568000.0,53325168000.0,1.5607329607009888,507773225,102106,102106,0,1/1,1,白酒Ⅱ,20260901
59,603207,小方制药,10.004331588745117,25.4,142033170,1386914828.3999999,4109302474.7999997,10.471515655517578,82806540,102446,102446,0,1/1,1,化学制药,20260901
60,300927,江天化学,20.0,34.92,860998048,4919841435.6,5041051200.0,18.99835968017578,230410051,103903,103903,0,1/1,1,化学原料,20260901
61,001330,博纳影业,9.98217487335205,6.17,1391650832,7174767976.74,8480782180.64,20.36083984375,97109630,104933,112936,1,2/2,2,影视院线,20260901
62,600967,内蒙一机,10.018051147460938,12.19,691107984,20744876990.73,20744877051.68,3.4247806072235107,296127171,105105,105105,0,1/1,1,地面兵装,20260901
63,002291,遥望科技,10.073260307312012,6.01,598272800,5223442872.7,5620133415.5199995,11.955211639404297,198815007,105657,105657,0,1/1,1,广告营销,20260901
64,600318,新力金融,9.985315322875977,7.49,204542811,3840329963.6800003,3840329963.6800003,5.523478984832764,86709677,110735,110753,1,1/1,1,多元金融,20260901
65,002349,精华制药,10.0,8.36,644624160,6806552390.879999,6948232621.44,10.016632080078125,282183440,112212,112212,0,3/2,1,中药Ⅱ,20260901
66,920895,花溪科技,29.975309371948242,26.32,232066324,756355208.0,1487711680.0,36.083309173583984,54606788,130004,130004,0,4/3,1,专用设备,20260901
67,002107,沃华医药,10.0,7.37,245316957,4211191401.67,4254034752.0,6.175215244293213,76133279,130318,130345,1,3/2,1,中药Ⅱ,20260901
1,000965,天保基建,10.030394554138184,3.62,480043392,4017587839.9,4017587843.52,12.123248100280762,13143640,092500,145027,4,1/1,1,房地产开,20260831
2,002133,广宇集团,9.929078102111816,3.1,96606416,2386597623.1,2399846945.6,4.047872066497803,31150784,092500,092500,0,1/1,1,房地产开,20260831
3,000011,深物业A,10.054644584655762,10.07,115646357,5301608718.01,6001509416.16,2.181344747543335,93488873,092500,092500,0,2/2,2,房地产开,20260831
4,600371,万向德农,9.965337753295898,12.69,174057944,3712814820.0,3712814820.0,4.6880316734313965,141811384,092500,092500,0,10/7,5,种植业,20260831
5,002084,海鸥住工,10.0,6.38,39838028,4112767739.96,4121837586.24,0.9686427712440491,330898030,092500,092500,0,6/6,6,家居用品,20260831
6,002679,福建金森,10.028116226196289,11.74,59436861,2767775440.0,2767775440.0,2.1474597454071045,353959062,092500,092500,0,2/2,2,林业Ⅱ,20260831
7,000560,我爱我家,9.848484992980957,2.9,185611600,6793795545.099999,6830952459.2,2.7320752143859863,458788700,092500,092500,0,5/3,2,房地产服,20260831
8,601086,国芳集团,9.952038764953613,9.17,232455626,6107220000.0,6107220000.0,3.8064563274383545,84343826,092502,105205,1,2/2,2,一般零售,20260831
9,600540,新赛股份,10.099010467529297,5.56,39566761,3232455897.6,3232455897.6,1.2240464687347412,246778242,092504,092504,0,3/3,3,种植业,20260831
10,002375,亚厦股份,10.0,4.07,120519238,5417155596.27,5453785738.72,2.2405099868774414,33365046,093015,093436,3,1/1,1,装修装饰,20260831
11,002886,沃特股份,10.0,29.04,1885965312,6071629882.559999,7643431527.599999,31.392820358276367,39240009,093027,140815,6,7/4,3,塑料,20260831
12,002855,捷荣技术,9.972677230834961,16.1,565427776,3964258435.2000003,3967356880.2000003,14.488382339477539,34681010,093103,100951,5,5/5,5,消费电子,20260831
13,002098,浔兴股份,9.986504554748535,8.15,86425158,2917700000.0,2917700000.0,2.984240770339966,14095425,093118,093118,0,1/1,1,纺织制造,20260831
14,000712,锦龙股份,10.0,12.98,3119349440,11626628942.5,11630080000.0,27.43531036376953,52450882,093133,142609,3,4/4,4,证券Ⅱ,20260831
15,002534,西子洁能,9.986684799194336,16.52,137221991,13635030064.32,13809649239.68,1.015695333480835,168303744,093136,093142,1,1/1,1,其他电源,20260831
16,002169,智光电气,10.008203506469727,13.41,309032640,10203990397.47,10496061927.36,3.0750317573547363,94983030,093142,093230,1,1/1,1,电网设备,20260831
17,600691,潞化科技,9.863945960998535,3.23,437009792,7673142624.96,7674421704.96,5.813710689544678,43728386,093209,095948,1,2/2,2,农化制品,20260831
18,001221,悍高集团,9.994668960571289,41.27,300949264,3172406493.5800004,16508412700.000002,9.553241729736328,33165025,093315,132448,6,1/1,1,家居用品,20260831
19,601882,海天精工,9.989959716796875,21.91,223856257,11437020000.0,11437020000.0,1.9834851026535034,31377924,093330,093430,1,1/1,1,通用设备,20260831
20,600110,诺德股份,9.9634370803833,12.03,1699415664,20874226611.96,20874226563.84,8.27534294128418,171295470,093336,093421,1,1/1,1,电池,20260831
21,603270,金帝股份,10.0,30.25,270645808,2139179176.75,6627976676.75,12.811914443969727,46237125,093442,093833,2,1/1,1,通用设备,20260831
22,000892,欢瑞世纪,9.974424362182617,4.3,226322636,3056434857.2,4218216064.0,7.524365425109863,158916820,093451,093451,0,1/1,1,影视院线,20260831
23,600227,赤天化,10.043667793273926,5.04,1044807616,6439103007.12,8511187507.2,16.538843154907227,76193722,093515,093924,2,4/3,2,农化制品,20260831
24,300413,芒果超媒,20.0,16.98,1086735440,17348465286.84,31764839455.68,6.4140400886535645,387913397,093521,093521,0,1/1,1,数字媒体,20260831
25,603269,海鸥股份,10.009016990661621,24.4,1089466656,10539469956.0,10539469907.199999,10.549492835998535,29005256,093529,094126,4,3/3,3,通用设备,20260831
26,603721,中广天择,10.023041725158691,19.1,100222873,2483000000.0,2483000000.0,4.087230205535889,61782789,093531,093607,1,1/1,1,影视院线,20260831
27,605287,德才股份,10.0,41.58,373426768,5821200000.0,5821200000.0,6.5847859382629395,73779552,093628,103713,2,1/1,1,装修装饰,20260831
28,603216,梦天家居,10.00485610961914,22.65,163320099,5043928500.0,5043928500.0,3.2931878566741943,75041715,093634,094622,2,1/1,1,家居用品,20260831
29,601330,绿色动力,10.0,7.81,214854259,7724833793.16,11171463237.439999,2.8093645572662354,46855642,093637,093637,0,1/1,1,环境治理,20260831
30,603893,瑞芯微,10.0,194.59,3436081936,82328995534.5,82339503783.68001,4.213590145111084,180462766,093723,100526,1,1/1,1,半导体,20260831
31,603978,深圳新星,9.989484786987305,20.92,459661488,4416092735.08,4416092735.08,10.578208923339844,22380216,093916,102210,3,1/1,1,金属新材,20260831
32,301151,冠龙节能,20.023147583007812,20.74,169487559,3500508254.4199996,3505145033.9999995,5.026749134063721,72628783,094115,094115,0,1/1,1,通用设备,20260831
33,002081,金 螳 螂,10.0,6.16,1597935920,16339711523.52,16356793967.36,10.181163787841797,244163920,094212,094212,0,1/1,1,装修装饰,20260831
34,603989,艾华集团,10.0,31.46,1262212720,12545614395.6,12545614269.76,10.241647720336914,51886978,094234,112107,3,1/1,1,元件,20260831
35,003018,金富科技,10.002227783203125,49.38,1084941840,14049180487.140001,15502850209.92,7.93306303024292,92330724,094406,095500,2,1/1,1,包装印刷,20260831
36,002909,集泰股份,10.054844856262207,6.02,105879131,2290172845.66,2347800000.0,4.760239601135254,48776116,094436,094436,0,1/1,1,化学制品,20260831
37,002903,宇环数控,10.017271041870117,31.85,487507152,3425975475.65,4957818775.0,14.734976768493652,165569008,094712,094712,0,1/1,1,通用设备,20260831
38,003036,泰坦股份,10.001845359802246,59.61,376924544,12911579350.95,12911910186.45,3.017301559448242,177327828,095203,095203,0,1/1,1,专用设备,20260831
39,002328,新朋股份,9.961190223693848,8.5,420150288,4850830116.0,6560045000.0,8.90122127532959,50253912,095330,095330,0,1/1,1,汽车零部,20260831
40,002830,名雕股份,9.972105979919434,15.77,84425527,1464000065.0,2931579920.0,5.925718307495117,71954788,095433,095433,0,1/1,1,装修装饰,20260831
41,002418,康盛股份,10.0,5.39,1474324288,6125196000.0,6125196000.0,25.617555618286133,134988512,095518,095518,0,5/4,1,家电零部,20260831
42,002921,联诚精密,9.99526309967041,23.22,220455995,2989717338.6,3459086348.94,7.5319600105285645,86404824,100324,100324,0,1/1,1,汽车零部,20260831
43,002141,贤丰控股,10.077519416809082,7.1,1038612832,7333844165.799999,7333844123.2,14.638821601867676,144130710,100451,100451,0,1/1,1,元件,20260831
44,603358,华达科技,10.0,49.72,635840560,22959236369.96,23355625539.84,2.8557686805725098,135829620,100601,100601,0,1/1,1,汽车零部,20260831
45,002881,美格智能,9.995100975036621,44.9,774107440,8217641104.0,13562996880.0,9.635420799255371,58154480,100745,130833,2,1/1,1,通信设备,20260831
46,600121,郑州煤电,10.089685440063477,4.91,596686928,5982403106.58,5982403077.12,10.462626457214355,40317502,100911,100911,0,1/1,1,煤炭开采,20260831
47,600722,金牛化工,10.019646644592285,16.8,2635581408,11429370556.800001,11429370624.0,23.680313110351562,99034320,101020,134059,1,2/2,2,化学原料,20260831
48,603559,中通国脉,10.02087688446045,10.54,435460496,4229459358.66,4229459327.0399995,10.773797035217285,27225874,101557,131430,3,2/2,2,通信服务,20260831
49,920223,荣亿精密,29.967159271240234,15.83,274904416,1292919207.5,2489821550.0,23.1768798828125,10567712,101742,144312,2,1/1,1,通用设备,20260831
50,603178,圣龙股份,9.981515884399414,17.85,350197840,4219952075.8500004,4219952075.8500004,8.413809776306152,13951560,101743,103352,3,1/1,1,汽车零部,20260831
51,002660,茂硕电源,9.973752975463867,8.38,215427689,2902431167.84,2988526014.0800004,7.591846942901611,51505776,101939,110942,1,1/1,1,消费电子,20260831
52,603685,晨丰科技,9.987516403198242,26.43,124654851,5324739693.21,6685483512.24,2.409001588821411,26784611,102022,102022,0,1/1,1,光学光电,20260831
53,003005,竞业达,9.980039596557617,16.53,396006304,2218237977.75,3824855062.2300005,18.74561882019043,98172066,102530,102530,0,2/2,2,IT服务Ⅱ,20260831
54,001330,博纳影业,10.0,5.61,702824656,6523573476.42,7711051545.120001,11.108352661132812,170636570,102530,104836,2,1/1,1,影视院线,20260831
55,603533,掌阅科技,9.980525970458984,22.59,845763376,9914679502.65,9914679434.88,8.782742500305176,118443888,102538,103014,1,1/1,1,数字媒体,20260831
56,301231,荣信文化,19.984657287597656,31.28,374774752,2046681680.0,2640032000.0,19.482332229614258,54139424,103515,103515,0,1/1,1,出版,20260831
57,601595,上海电影,10.024009704589844,18.33,302904736,8215505999.999999,8215505999.999999,3.814507007598877,86818212,103538,103538,0,1/1,1,影视院线,20260831
58,605577,龙版传媒,10.051814079284668,10.62,133946298,4720000005.9,4720000037.759999,2.92345929145813,33133338,104250,104250,0,1/1,1,出版,20260831
59,603058,永吉股份,10.021322250366211,10.32,384184304,4279328001.12,4279637621.76,9.20747184753418,38219862,104742,130027,2,1/1,1,包装印刷,20260831
60,301218,华是科技,20.0,58.14,940600128,4168821780.54,6630285600.0,24.16545295715332,140937522,110603,112142,2,1/1,1,IT服务Ⅱ,20260831
61,605118,力鼎光电,9.986595153808594,32.82,182318971,13419064170.0,13496207842.56,1.4244188070297241,58944720,112507,112507,0,1/1,1,计算机设,20260831
62,300364,中文在线,20.01759910583496,27.28,3641103280,18034416886.64,19873483055.36,21.63849639892578,365734776,130042,130042,0,1/1,1,数字媒体,20260831
63,603950,长源东谷,10.008354187011719,65.84,717734608,21323521792.0,21340771872.0,3.530467987060547,190477753,130544,130544,0,1/1,1,汽车零部,20260831
64,920021,流金科技,29.955947875976562,8.85,587557440,2190858856.0499997,2734649858.4,29.39760971069336,19999725,130930,134436,2,1/1,1,电视广播,20260831
65,603201,常润股份,10.01344108581543,16.37,144551961,3083367126.54,3109968049.1400003,4.862831115722656,66917646,130948,130948,0,1/1,1,汽车零部,20260831
66,603113,金能科技,9.963768005371094,6.07,382993072,5150338039.12,5150338087.68,7.714603900909424,37945160,131241,131241,0,1/1,1,化学原料,20260831
67,601929,吉视传媒,9.829059600830078,2.57,516461952,8968755591.76,8968755612.32,6.012675762176514,107994630,131444,131444,0,1/1,1,电视广播,20260831
68,301262,海看股份,19.989253997802734,22.33,736961648,2725943503.3599997,9311610000.0,28.646791458129883,15693524,131642,140830,4,1/1,1,广告营销,20260831
69,603139,康惠股份,9.991337776184082,38.09,225218645,3804429200.0000005,4054855714.0000005,6.053451061248779,15415023,132001,143313,2,1/1,1,中药Ⅱ,20260831
70,600551,时代出版,10.0,8.25,340864944,5593955721.75,5593955664.0,6.524681568145752,73427417,132136,132136,0,2/2,2,出版,20260831
71,002303,美盈森,10.058026313781738,5.69,459045888,6073298457.25,8713231739.2,7.835107326507568,15994590,132203,132942,1,1/1,1,包装印刷,20260831
72,600892,大晟文化,9.950248718261719,4.42,247648951,2472192349.12,2472831728.64,10.511137962341309,17755140,132236,132236,0,1/1,1,游戏Ⅱ,20260831
73,603068,博通集成,9.988807678222656,39.31,645400848,5966759509.89,5966759509.89,11.192493438720703,83006996,132512,132512,0,1/1,1,半导体,20260831
74,300911,亿田智能,20.00901222229004,26.63,721101168,4562899268.23,4882434449.07,16.957090377807617,89217903,132730,132730,0,1/1,1,厨卫电器,20260831
75,600246,万通发展,9.983498573303223,13.33,1892625360,25199198305.08,25900023001.76,7.9237565994262695,148845446,132949,133001,1,1/1,1,房地产开,20260831
76,603090,宏盛股份,10.0,42.13,193333774,4213000000.0000005,4213000000.0000005,4.808899879455566,35342857,133103,133103,0,1/1,1,通用设备,20260831
77,002757,南兴股份,10.006293296813965,17.48,479440288,4967879732.08,5164569481.6,9.9588041305542,145651575,133109,133109,0,1/1,1,专用设备,20260831
78,600671,天目药业,10.009624481201172,22.86,240374806,2783674384.38,2783865311.1,8.857614517211914,34680906,133324,141957,6,1/1,1,中药Ⅱ,20260831
79,002875,安奈儿,10.022778511047363,14.49,146869200,3077829883.8,3077829883.8,4.954766273498535,97544492,134130,134130,0,1/1,1,服装家纺,20260831
80,002396,星网锐捷,10.002725601196289,40.36,5255444224,30569273678.16,30569273597.44,18.5712890625,244556253,134627,135300,2,7/4,3,通信设备,20260831
81,000977,浪潮信息,9.994834899902344,85.18,9601180928,124951876259.52,125084841558.08002,7.9533209800720215,407519433,135157,135609,1,1/1,1,计算机设,20260831
82,603313,梦百合,9.95106029510498,6.74,298377712,3845755604.9,3845755571.2000003,8.054984092712402,27318635,135642,142512,5,1/1,1,家居用品,20260831
83,603001,奥康国际,9.98781967163086,9.03,148998541,3620849399.9999995,3620849399.9999995,4.253651142120361,53870903,140826,140826,0,1/1,1,服装家纺,20260831
84,002008,大族激光,9.997716903686523,96.38,5336748544,92209628051.14,99233176463.04,6.052914142608643,278905407,141421,141421,0,1/1,1,自动化设,20260831
85,603236,移远通信,9.992862701416016,61.64,1383246080,24986708339.12,24986707969.28,5.733835697174072,78066320,141422,141719,1,1/1,1,通信设备,20260831
86,603459,红板科技,9.995367050170898,94.97,1972097328,7507554954.26,71583977872.48,27.24643325805664,47152605,141603,145124,2,1/1,1,元件,20260831
87,601136,首创证券,9.986129760742188,15.86,639914624,43350674068.0,43350674194.88,1.5407030582427979,106374590,142427,142427,0,1/1,1,证券Ⅱ,20260831
88,603297,永新光学,9.997151374816895,115.86,308329536,12829073526.0,12829073526.0,2.5126872062683105,98595817,143525,143525,0,1/1,1,光学光电,20260831
1,002942,新农股份,9.994739532470703,20.91,512135680,2901431515.53,3251101855.2,18.389476776123047,13286214,092500,140357,3,3/3,3,农化制品,20260828
2,002855,捷荣技术,9.992486953735352,14.64,75031464,3604766676.48,3607584144.48,2.081451416015625,63064728,092500,092500,0,4/4,4,消费电子,20260828
3,000712,锦龙股份,9.972041130065918,11.8,178845225,10569662675.0,10572800000.0,1.6920617818832397,237252275,092500,092500,0,3/3,3,证券Ⅱ,20260828
4,002886,沃特股份,10.0,26.4,112054800,5519663529.599999,6948574116.0,2.030102014541626,265290960,092500,092500,0,6/3,2,塑料,20260828
5,002084,海鸥住工,10.056926727294922,5.8,39002059,3738879763.6,3747125078.4,1.0431482791900635,360809920,092500,092500,0,5/5,5,家居用品,20260828
6,600371,万向德农,10.009532928466797,11.54,56645752,3376350119.9999995,3376350119.9999995,1.6777215003967285,163270874,092502,092502,0,9/6,4,种植业,20260828
7,600378,昊华科技,10.008254051208496,53.31,2975549760,57178459501.53,68769879528.96,5.205942630767822,431331956,092502,094526,3,2/2,2,化学制品,20260828
8,600654,中安科,10.0,3.63,423233984,8412277517.49,10328837080.32,5.031227111816406,125670948,092503,093321,1,2/2,2,软件开发,20260828
9,600540,新赛股份,10.0217866897583,5.05,26090416,2935953648.0,2935953648.0,0.8886521458625793,189528424,092503,092503,0,2/2,2,种植业,20260828
10,002631,德尔未来,10.0217866897583,10.1,963976608,8016267505.2,8052557088.0,12.116863250732422,25298954,093000,130818,9,1/1,1,家居用品,20260828
11,002742,冀衡医药,10.052909851074219,6.24,1345116192,3269267807.52,4268796779.52,41.97233581542969,41307196,093000,143857,3,10/5,4,化学制药,20260828
12,002354,天娱数科,9.943977355957031,7.85,718716592,12771901165.15,12988498718.4,5.627326488494873,529592768,093000,093000,0,1/1,1,广告营销,20260828
13,603900,莱绅通灵,9.943977355957031,7.85,175103011,2690382144.0,2691795144.0,6.508481025695801,62234800,093001,093001,0,2/2,2,饰品,20260828
14,300378,鼎捷数智,19.99359130859375,37.45,518327568,10093267916.900002,10169721867.2,5.182827949523926,99647709,093024,093024,0,1/1,1,软件开发,20260828
15,600551,时代出版,9.970674514770508,7.5,138324673,5085414292.5,5085414240.0,2.7304041385650635,33831150,093050,093302,1,1/1,1,出版,20260828
16,603269,海鸥股份,10.019841194152832,22.18,341607952,9580550968.2,9580550923.84,3.5946226119995117,64238314,093113,093228,1,2/2,2,通用设备,20260828
17,002279,久其软件,9.984399795532227,7.05,323045328,5612423029.65,6078558391.2,5.8414483070373535,122216685,093257,093257,0,1/1,1,软件开发,20260828
18,000017,深中华A,9.990394592285156,11.45,1253143472,5047411338.95,7891167425.599999,25.082805633544922,10069130,093300,144706,14,7/7,7,饰品,20260828
19,000059,华锦股份,10.079051971435547,5.57,539433632,8908730337.59,8908894970.08,6.132847309112549,7013844,093306,100851,1,1/1,1,炼化及贸,20260828
20,600929,雪天盐业,10.018214225769043,6.04,171880314,9906284066.24,9906284114.56,1.759232759475708,64951701,093404,093555,2,1/1,1,化学原料,20260828
21,600479,千金药业,9.983498573303223,13.33,1392000800,5578699869.61,6561159513.28,25.61577033996582,47124255,093427,142121,10,3/3,3,中药Ⅱ,20260828
22,603045,福达合金,9.9946928024292,62.18,380340752,8421979737.9,8421979737.9,4.5801801681518555,56924111,093512,093539,1,1/1,1,金属新材,20260828
23,003005,竞业达,10.029282569885254,15.03,90336480,2016945965.25,3477772025.73,4.543655872344971,39736449,093609,093609,0,1/1,1,IT服务Ⅱ,20260828
24,002396,星网锐捷,10.014991760253906,36.69,4141078928,27789560239.14,27904739761.92,15.157744407653809,144942377,093609,145251,7,6/3,2,通信设备,20260828
25,600162,香江控股,10.061601638793945,5.36,811039168,17518828333.920002,17518828366.08,4.694637775421143,70204004,093620,134920,4,2/2,2,房地产开,20260828
26,002212,天融信,10.0,6.93,751126816,8086264838.19,8173615332.96,9.405447006225586,125389341,093803,093803,0,1/1,1,软件开发,20260828
27,601086,国芳集团,10.026385307312012,8.34,147100140,5554440000.0,5554440000.0,2.7022790908813477,66562549,093847,093847,0,1/1,1,一般零售,20260828
28,688152,麒麟信安,20.0,38.04,266716620,3876202811.04,3876202811.04,7.196340084075928,50094191,093954,093954,0,1/1,1,软件开发,20260828
29,002165,红 宝 丽,9.986859321594238,8.37,981934912,6091396364.5199995,6154208560.799999,16.565855026245117,193649282,094242,100306,1,1/1,1,化学制品,20260828
30,001288,运机集团,10.0115966796875,28.46,471582368,4322304925.42,6652919256.38,11.041937828063965,79562206,094254,100615,4,1/1,1,专用设备,20260828
31,000560,我爱我家,10.0,2.64,642316336,6184696634.16,6218522238.72,10.616172790527344,152262364,094418,094418,0,4/2,1,房地产服,20260828
32,603778,国晟科技,9.978768348693848,10.36,464618400,6659999991.12,6838036446.08,7.157296657562256,60522084,094658,094843,2,1/1,1,光伏设备,20260828
33,603016,新宏泰,9.996528625488281,31.69,118415842,4695190400.0,4695190400.0,2.5963823795318604,23862570,094915,094915,0,1/1,1,电网设备,20260828
34,002918,蒙娜丽莎,10.0,11.33,257211681,2426942242.12,4631929693.6,10.898699760437012,94333580,095048,100730,2,1/1,1,家居用品,20260828
35,002952,亚世光电,9.994952201843262,21.79,124923982,2921488410.2799997,3580968600.0,4.384215354919434,40056012,095212,095212,0,1/1,1,光学光电,20260828
36,603011,合锻智能,9.984089851379395,27.65,2204164224,13670559183.05,13670559044.8,16.5865421295166,45887940,095241,144541,10,2/2,2,专用设备,20260828
37,603082,北自科技,10.012330055236816,44.61,304034128,1809243309.0,7430826392.49,17.152982711791992,44854730,095247,095247,0,1/1,1,自动化设,20260828
38,603007,顺景科技,10.040983200073242,5.37,413918512,3732628085.73,4749475535.52,11.2885103225708,19356702,095358,142507,3,1/1,1,汽车零部,20260828
39,600354,敦煌种业,10.053619384765625,8.21,869767472,4333255076.8,4333255076.8,20.602935791015625,57708796,095508,100147,2,1/1,1,种植业,20260828
40,002971,和远气体,10.0,47.08,842553696,7580094025.679999,9916225000.0,11.434887886047363,194995944,095748,095748,0,1/1,1,化学制品,20260828
41,603559,中通国脉,9.988518714904785,9.58,266944404,3844233458.82,3844233430.08,7.026479244232178,33403544,100117,145138,2,1/1,1,通信服务,20260828
42,605006,山东玻纤,9.978768348693848,15.54,633943584,10156964264.16,10156964388.48,6.384446144104004,18220650,100156,103332,2,1/1,1,玻璃玻纤,20260828
43,002107,沃华医药,10.045661926269531,7.23,219031210,4131195906.9300003,4173225408.0000005,5.432629108428955,11160228,100218,100218,0,1/1,1,中药Ⅱ,20260828
44,603171,税友股份,9.997519493103027,44.34,617506784,17997162600.0,18017337654.72,3.5300939083099365,95282359,100312,100412,1,1/1,1,IT服务Ⅱ,20260828
45,002229,鸿博股份,10.02685832977295,12.29,969490256,6060989259.29,6061289368.799999,16.42537498474121,81128748,100348,100542,1,1/1,1,IT服务Ⅱ,20260828
46,601003,柳钢股份,10.05434799194336,4.05,156533939,10379312460.0,10668598192.8,1.5543855428695679,26302291,101048,101048,0,1/1,1,普钢,20260828
47,002349,精华制药,10.041841506958008,7.89,325503408,6423887364.12,6557602318.559999,5.194520950317383,96440259,101803,101803,0,1/1,1,中药Ⅱ,20260828
48,601700,风范股份,9.973752975463867,8.38,1622739440,9542786174.0,9542786140.480001,18.01458740234375,105714119,101906,101906,0,20/10,1,电网设备,20260828
49,000011,深物业A,9.975961685180664,9.15,107880201,4817251218.45,5453208655.2,2.2950398921966553,80429415,102109,102109,0,1/1,1,房地产开,20260828
50,601222,林洋能源,9.9277982711792,6.09,593354032,12431030750.039999,12431030774.4,4.836880683898926,51509920,102306,102306,0,1/1,1,电网设备,20260828
51,002949,华阳国际,10.0,14.08,357327568,2139112954.88,2760917434.88,17.479949951171875,32830336,102512,142830,3,4/3,1,工程咨询,20260828
52,002679,福建金森,10.0,10.67,136470109,2515516520.0,2515516520.0,5.520683288574219,48675633,102715,102733,1,1/1,1,林业Ⅱ,20260828
53,001376,百通能源,9.97150993347168,11.58,250299088,2489587824.54,5657988000.0,10.368010520935059,54575382,102903,102903,0,1/1,1,电力,20260828
54,000798,中水渔业,10.0,10.12,312754416,3702262465.4399996,3702490246.3999996,8.74130630493164,36925856,104342,104536,1,1/1,1,渔业,20260828
55,000716,黑芝麻,10.097086906433105,5.67,419217200,4171555856.79,4268852552.16,10.37305736541748,42522040,104854,130403,1,1/1,1,休闲食品,20260828
56,603608,天创时尚,9.994416236877441,19.7,473627664,8373084774.799999,8373084696.0,5.815040588378906,57386100,105038,105038,0,1/1,1,服装家纺,20260828
57,002915,中欣氟材,10.029153823852539,18.87,501577264,5494743242.070001,6326607699.360001,9.342265129089355,82762763,105642,111027,1,1/1,1,化学制品,20260828
58,002578,闽发铝业,9.898476600646973,4.33,265696348,3728833889.13,4064268662.08,7.334160804748535,67759979,105757,105757,0,1/1,1,工业金属,20260828
59,600691,潞化科技,10.112359046936035,2.94,230246334,6984222698.88,6985386938.88,3.405381202697754,63981867,110123,110347,1,1/1,1,农化制品,20260828
60,000062,深圳华强,10.004426956176758,24.85,1472468304,25962332668.300003,25990846800.800003,5.834789276123047,74743830,110209,110209,0,1/1,1,其他电子,20260828
61,603029,天鹅股份,9.98796558380127,18.28,223641987,2218131760.0,2218131760.0,10.406890869140625,10191100,110917,111211,1,1/1,1,专用设备,20260828
62,920895,花溪科技,29.96923065185547,21.12,193042228,606923328.0,1193786880.0,38.169036865234375,13183779,111125,133116,1,2/2,2,专用设备,20260828
63,605188,国光连锁,10.041152000427246,13.37,150446212,6788570705.0,6788570651.5199995,2.3205277919769287,56737854,111424,111424,0,1/1,1,一般零售,20260828
64,603396,金辰股份,10.0,31.9,478784752,4419026548.2,4419026548.2,11.363204956054688,48368981,130017,130017,0,3/2,1,光伏设备,20260828
65,605566,福莱蒽特,9.992283821105957,28.51,131172501,3801523400.0,3801523400.0,3.5874457359313965,57772664,130804,130804,0,1/1,1,化学制品,20260828
66,000626,远大控股,10.058479309082031,9.41,271272592,4745583175.11,4767358790.24,5.874321460723877,18656783,130942,130942,0,1/1,1,物流,20260828
67,000567,海德股份,10.047096252441406,7.01,568131936,13660839593.64,13701691041.6,4.3477277755737305,56821062,131012,131012,0,1/1,1,多元金融,20260828
68,600722,金牛化工,10.014410018920898,15.27,2059541728,10388481452.52,10388481513.6,20.702701568603516,103850888,131341,131341,0,1/1,1,化学原料,20260828
69,003030,祖名股份,9.990876197814941,24.11,151379397,1966855007.01,3008445800.0,8.024477005004883,73281404,132000,132000,0,1/1,1,农产品加,20260828
70,600815,厦工股份,10.123456954956055,4.46,776321120,7912461380.8,7912461380.8,10.110291481018066,81170510,132015,132015,0,1/1,1,工程机械,20260828
71,002427,尤夫股份,9.957627296447754,5.19,320808176,5109648347.34,5114396148.96,6.532806396484375,48430568,132106,132836,1,1/1,1,化学纤维,20260828
72,600251,冠农股份,10.0,11.77,748425936,9145214471.91,9145214483.68,8.436114311218262,109942122,133355,141343,3,1/1,1,农产品加,20260828
73,603086,先达股份,10.086956977844238,6.33,136762547,2752367195.19,2752367150.88,5.1783037185668945,30697847,133836,133836,0,1/1,1,农化制品,20260828
74,000925,众合科技,9.964829444885254,9.38,740286672,6295410853.34,6344349249.280001,12.396095275878906,78086624,134100,134100,0,1/1,1,轨交设备,20260828
75,600689,上海三毛,9.990999221801758,12.22,116423363,1859934627.46,2456114211.46,6.414608478546143,43687722,135221,142639,1,1/1,1,综合Ⅱ,20260828
76,002486,嘉麟杰,10.074626922607422,2.95,219805227,2420268370.2000003,2431635156.8,9.382955551147461,46530125,140018,140018,0,1/1,1,服装家纺,20260828
77,688209,英集芯,19.983753204345703,29.54,1688473072,12813980807.46,12813980777.92,13.929737091064453,9397205,140838,150000,11,1/1,1,半导体,20260828
78,600227,赤天化,10.096153259277344,4.58,1600591552,5851407097.74,7734372774.400001,28.88878059387207,41367476,141507,144404,2,3/2,1,农化制品,20260828
79,600714,金瑞矿业,10.011507987976074,19.12,994709168,5509930339.76,5509930320.64,19.2550106048584,104320632,142149,142149,0,4/2,1,化学原料,20260828
80,000912,泸天化,10.1010103225708,4.36,474238112,6836480000.000001,6836480000.000001,7.197516441345215,40423740,142606,145351,1,1/1,1,农化制品,20260828
81,002437,誉衡药业,9.954751014709473,4.86,3612936944,10219006915.2,10837159102.08,38.860923767089844,231183877,143412,143412,0,1/1,1,化学制药,20260828
82,000565,渝三峡Ａ,9.966776847839355,6.62,146280396,2870380496.4,2870380522.88,5.348330497741699,57564905,144406,144406,0,1/1,1,化学制品,20260828
1,002084,海鸥住工,10.02087688446045,5.27,27643695,3397223509.3399997,3404715372.9599996,0.8137143850326538,329225563,092500,092500,0,4/4,4,家居用品,20260827
2,002855,捷荣技术,10.0,13.31,18861601,3277284457.92,3279845967.42,0.5755252838134766,92996970,092500,092500,0,3/3,3,消费电子,20260827
3,002742,冀衡医药,10.097086906433105,5.67,56422737,2970632767.41,3878858612.16,1.8993507623672485,168347970,092500,092500,0,3/3,3,化学制药,20260827
4,000712,锦龙股份,10.051281929016113,10.73,158057696,9611227161.25,9614080000.0,1.644511103630066,220685551,092500,092500,0,2/2,2,证券Ⅱ,20260827
5,002942,新农股份,10.011573791503906,19.01,42953665,2637791157.8300004,2955688487.2000003,1.6283951997756958,356469246,092500,092500,0,2/2,2,农化制品,20260827
6,002155,湖南黄金,10.016286849975586,27.02,383632336,42218720737.34,42222838450.24,0.9086782336235046,564939509,092500,092500,0,1/1,1,贵金属,20260827
7,600540,新赛股份,10.071942329406738,4.59,40677246,2668520246.4,2668520246.4,1.5243371725082397,161909496,092502,092502,0,1/1,1,种植业,20260827
8,600613,神奇制药,10.047392845153809,11.61,677314640,5564904944.58,6200571647.5199995,12.17633056640625,167587935,092502,093050,1,11/7,1,化学制药,20260827
9,600371,万向德农,9.9580717086792,10.49,169885569,3069143220.0,3069143220.0,5.547128200531006,204232474,093006,093006,0,8/5,3,种植业,20260827
10,603237,五芳斋,9.972298622131348,15.88,57087483,3014133984.88,3112666208.88,1.8949249982833862,30682351,093006,093006,0,1/1,1,食品加工,20260827
11,000890,法尔胜,10.025062561035156,8.78,132042068,3683131383.8799996,3683244839.04,3.6119720935821533,98898798,093009,093009,0,2/2,2,环保设备,20260827
12,600103,青山纸业,10.086455345153809,3.82,507382960,8451096959.54,8559958192.639999,6.097270488739014,307811504,093033,093033,0,3/3,3,造纸,20260827
13,000576,甘化科工,10.041265487670898,8.0,268783456,3470522088.0,3491345664.0,7.823816776275635,33069648,093039,095318,4,1/1,1,地面兵装,20260827
14,003040,楚天龙,9.982383728027344,18.73,1759884208,8556805332.34,8637076680.64,20.767614364624023,38151137,093048,131809,19,5/5,5,通信设备,20260827
15,301666,大普微-UW,20.0,469.2,961955872,12441468135.6,204672719865.6,7.814459800720215,251022000,093051,093051,0,1/1,1,计算机设,20260827
16,600479,千金药业,9.981851577758789,12.12,1300882240,5072306258.04,5965585393.92,25.8243465423584,36494459,093130,132045,7,2/2,2,中药Ⅱ,20260827
17,600378,昊华科技,10.011350631713867,48.46,1436979568,51976517490.98,62513381391.36,2.788278341293335,197313952,093136,093339,2,1/1,1,化学制品,20260827
18,600721,百花医药,10.026385307312012,16.68,2746713040,6414254551.8,6414254501.76,43.45110321044922,42637149,093150,143935,13,1/1,1,医疗服务,20260827
19,000017,深中华A,10.042283058166504,10.41,605589536,4588956509.91,7174415100.4800005,13.514057159423828,45440691,093224,093536,2,6/6,6,饰品,20260827
20,000951,中国重汽,10.024569511413574,22.39,692269440,26173796952.89,26173796796.16,2.6544041633605957,58101154,093227,101100,9,1/1,1,商用车,20260827
21,600359,新农开发,10.014727592468262,7.47,182766853,2849900765.4,2849900735.52,6.4499945640563965,40110493,093258,095816,1,1/1,1,种植业,20260827
22,002418,康盛股份,10.089685440063477,4.91,1227785888,5579724000.0,5579724000.0,22.533653259277344,86280007,093415,094642,2,3/3,3,家电零部,20260827
23,002072,凯瑞德,10.012360572814941,8.9,361420288,3271033020.0,3272352000.0,11.205681800842285,38225491,093427,100648,4,2/2,2,贸易Ⅱ,20260827
24,002886,沃特股份,9.99083423614502,24.0,777510304,5017875936.0,6316885560.0,15.713293075561523,122493600,093433,094648,5,1/1,1,塑料,20260827
25,603618,杭电股份,9.993734359741211,35.11,2296869920,24274197877.76,24274197877.76,9.688009262084961,347233967,093513,093528,1,2/2,2,电网设备,20260827
26,600127,金健米业,10.0,10.78,1367268928,6918423090.04,6918423068.48,20.32373809814453,189199036,093516,093610,1,9/6,1,农产品加,20260827
27,603261,立航科技,10.001873016357422,58.73,100856416,4551869942.059999,4551869942.059999,2.2703044414520264,70981078,093542,093542,0,1/1,1,航空装备,20260827
28,600654,中安科,10.0,3.3,326401392,7647525015.9,9389851891.199999,4.36924409866333,80570820,093837,093837,0,1/1,1,软件开发,20260827
29,300368,汇金股份,19.950124740600586,9.62,606935392,5088436229.5,5088436200.639999,12.344393730163574,80192329,093921,094330,1,1/1,1,计算机设,20260827
30,600095,湘财股份,10.034602165222168,9.54,1916435920,27276651068.219997,27276651077.76,7.123424053192139,65334690,093941,130241,10,2/2,2,证券Ⅱ,20260827
31,603900,莱绅通灵,10.01540756225586,7.14,192416318,2447048217.6,2448333417.6,8.085417747497559,72769023,093959,094035,1,1/1,1,饰品,20260827
32,603938,三孚股份,10.007340431213379,44.96,573853728,17202797385.12,17202797340.16,3.421219825744629,76888029,094120,094547,1,1/1,1,化学原料,20260827
33,601869,长飞光纤,9.99948501586914,426.82,6145393408,173433319181.48,353366456489.27997,3.6318209171295166,339458482,094919,102555,1,1/1,1,通信设备,20260827
34,002953,日丰股份,10.0,11.88,216500101,3341710563.84,5839966218.240001,6.712627410888672,46847295,095042,095042,0,1/1,1,电网设备,20260827
35,603002,宏昌电子,10.019518852233887,16.91,966065520,19177267587.19,19177267637.920002,5.172560691833496,135985147,095201,095201,0,1/1,1,电子化学,20260827
36,600683,京投发展,9.960159301757812,11.04,458229824,8178184670.879999,8178184703.999999,5.741618633270264,71743440,095429,095820,1,1/1,1,房地产开,20260827
37,603580,艾艾精工,10.0,80.52,657379104,10521806064.0,10521806064.0,6.460948467254639,61704730,095533,095533,0,1/1,1,塑料,20260827
38,000586,汇源通信,10.0,14.41,146846822,2755047900.0,2787470400.0,5.471887111663818,17351081,095542,095542,0,1/1,1,通信设备,20260827
39,002980,华盛昌,10.003233909606934,102.05,1112099584,10336319878.949999,19227365409.2,11.051597595214844,77897622,095824,103815,1,1/1,1,电网设备,20260827
40,002536,飞龙股份,10.0,54.23,3302729424,29572848339.87,31170638706.239998,11.430900573730469,120383007,095951,133730,3,1/1,1,汽车零部,20260827
41,301399,英特科技,20.0,21.24,354092608,1161479366.6399999,3929824799.9999995,31.769506454467773,28386261,100015,104636,1,1/1,1,通用设备,20260827
42,600162,香江控股,9.932279586791992,4.87,634967808,15917293654.140001,15917293683.36,4.132994174957275,73617842,100621,100621,0,1/1,1,房地产开,20260827
43,600108,亚盛集团,9.883721351623535,3.78,549522688,7359339157.379999,7359339153.599999,7.700608253479004,54726053,100835,100835,0,1/1,1,种植业,20260827
44,600969,郴电国际,10.0,10.45,367645168,3867027557.7999997,3867027515.9999995,9.928468704223633,18546242,100924,100954,1,2/2,2,电力,20260827
45,603137,恒尚节能,9.990999221801758,24.44,447107808,4470890682.96,4470890682.96,10.327447891235352,76224718,101110,101325,1,1/1,1,装修装饰,20260827
46,300456,赛微电子,20.012954711914062,37.06,2873362736,22145675885.600002,27135818820.16,13.720868110656738,174117404,101324,102627,2,1/1,1,半导体,20260827
47,603435,嘉德利,10.010319709777832,53.3,184840163,1902145988.6,24473629668.8,9.987914085388184,41764440,101801,101837,1,1/1,1,电子化学,20260827
48,688790,昂瑞微-UW,20.004207611083984,114.1,206636788,1446305699.3,11356565600.8,14.78150463104248,35146565,101856,101856,0,1/1,1,半导体,20260827
49,301591,肯特股份,20.0,50.4,779741936,2252615299.2,5511542400.0,36.72898483276367,81255434,101948,101948,0,1/1,1,塑料,20260827
50,600397,江钨装备,10.0,19.03,1880122960,18838936554.460003,18838936668.64,10.357230186462402,123457125,102342,102342,0,1/1,1,专用设备,20260827
51,920895,花溪科技,30.000001907348633,16.25,107431846,466974625.0,918515000.0,24.688417434692383,11112253,102348,110203,3,1/1,1,专用设备,20260827
52,002134,天津普林,10.0145845413208,22.63,252642281,5582969905.4,5608116723.48,4.653747081756592,61451765,102642,102642,0,1/1,1,元件,20260827
53,002190,成飞集成,10.0,25.52,561663456,9154772833.36,9154772858.88,6.271623134613037,56653072,102745,103921,1,1/1,1,汽车零部,20260827
54,001232,嘉立创,10.0,162.03,1378644400,7162787134.47,90017386800.0,19.627971649169922,68367100,103006,103006,0,1/1,1,元件,20260827
55,605258,协和电子,10.0,31.9,142686571,2807200000.0,2807200000.0,5.262018203735352,7981380,103318,103457,2,1/1,1,元件,20260827
56,002636,金安国纪,10.0,69.41,3480428432,50274733093.97,50530480000.0,7.158946514129639,143025413,103518,104139,1,1/1,1,元件,20260827
57,603269,海鸥股份,9.983633041381836,20.16,518272624,8708021078.4,8708021038.08,6.172569751739502,67615208,104206,110530,2,1/1,1,通用设备,20260827
58,603011,合锻智能,10.021882057189941,25.14,1242142160,12429578946.18,12429578820.48,10.520084381103516,100343796,104248,104551,1,1/1,1,专用设备,20260827
59,688300,联瑞新材,20.0,186.24,3769790832,44971221945.6,44971221945.6,9.044734001159668,86159093,104920,111947,2,1/1,1,非金属材,20260827
60,000962,东方钽业,9.996177673339844,57.55,1944087376,28948863038.899998,30351016418.399998,6.928344249725342,256950045,105009,132615,1,1/1,1,小金属,20260827
61,600330,天通股份,10.0,29.15,3703383328,35954613226.4,35954613226.4,10.619941711425781,101934518,105345,133012,3,1/1,1,电子化学,20260827
62,002515,金字火腿,10.0,8.58,1334343840,9453889507.92,10387069492.8,14.415165901184082,28578264,110454,142706,9,1/1,1,食品加工,20260827
63,600641,先导基电,9.99676513671875,34.0,1955765904,31641417280.0,32193441280.0,6.446401119232178,139711168,110950,132317,2,1/1,1,半导体,20260827
64,002824,和胜股份,10.020618438720703,26.68,601256576,6034379148.4,8302091157.76,10.391422271728516,63882592,111351,111351,0,1/1,1,工业金属,20260827
65,601208,东材科技,9.991039276123047,49.1,3775172928,49599982501.3,49599982550.4,7.83565092086792,106395330,130016,133034,2,1/1,1,塑料,20260827
66,002628,成都路桥,10.0,5.28,402978240,3988179143.52,3997490196.48,10.288764953613281,7278955,130042,140818,5,1/1,1,基础建设,20260827
67,002852,道道全,10.024752616882324,8.89,169845649,2540928651.94,3057878222.5600004,6.912317276000977,49623908,130930,135009,1,1/1,1,农产品加,20260827
68,000592,平潭发展,10.016155242919922,6.81,1942472784,13041779577.689999,13155427901.759998,15.331869125366211,72696750,131242,143548,2,1/1,1,林业Ⅱ,20260827
69,601233,桐昆股份,9.98307991027832,26.0,1683373696,61741477720.0,61854038688.0,2.815061569213867,37908000,132210,133934,1,1/1,1,炼化及贸,20260827
70,603093,南华期货,10.008136749267578,13.52,759566496,11925167144.8,14035714234.88,6.702669143676758,55862814,132341,132341,0,1/1,1,多元金融,20260827
71,603319,美湖股份,10.01120662689209,29.45,603684144,9987958017.1,9987958076.0,6.303375720977783,88822967,142112,142112,0,1/1,1,汽车零部,20260827
72,603688,石英股份,10.006401062011719,51.56,1040093616,27928932580.84,27928932529.280003,3.850856304168701,143885914,142429,142429,0,1/1,1,非金属材,20260827
73,001309,德明利,10.000255584716797,429.76,8762050048,70922886247.04,97487991811.2,12.71619987487793,172055705,143024,143433,1,1/1,1,半导体,20260827
74,688368,晶丰明源,20.0,140.28,794789888,17353617258.6,28590030809.760002,4.968150615692139,19339982,143148,143148,0,1/1,1,半导体,20260827
75,002396,星网锐捷,9.993403434753418,33.35,3237273232,25259793785.100002,25364488172.8,13.514585494995117,160023305,143639,143639,0,1/1,1,通信设备,20260827
76,600345,长江通信,9.993660926818848,52.06,925162400,11013777001.82,17159607383.68,8.704469680786133,139637935,144252,144252,0,1/1,1,通信设备,20260827
77,605288,凯迪股份,10.0,63.14,182845287,6205303037.78,6230182975.94,3.055814504623413,33127032,144749,144749,0,1/1,1,自动化设,20260827
1,002084,海鸥住工,10.11494255065918,4.79,15938581,3087798977.18,3094608469.92,0.5161793828010559,327258667,092500,092500,0,3/3,3,家居用品,20260826
2,002418,康盛股份,10.123456954956055,4.46,529807968,5068344000.0,5068344000.0,10.453725814819336,115310610,092500,092500,0,2/2,2,家电零部,20260826
3,002742,冀衡医药,10.04273509979248,5.15,66286556,2698193783.4500003,3523125547.2000003,2.4567010402679443,115237038,092500,092500,0,2/2,2,化学制药,20260826
4,002855,捷荣技术,10.0,12.1,27442800,2979349507.2,2981678152.2,0.921100378036499,96739500,092500,092500,0,2/2,2,消费电子,20260826
5,002366,融发核电,10.052909851074219,6.24,499945952,11546607696.0,12985050923.52,4.330522537231445,166007712,092500,095836,1,1/1,1,其他电源,20260826
6,603396,金辰股份,10.019342422485352,28.44,115390295,3939721474.32,3939721474.32,2.9288947582244873,64817092,092504,092504,0,1/1,1,光伏设备,20260826
7,301630,同宇新材,19.998779296875,196.81,873589280,4129014757.0,11021360000.0,21.340423583984375,18307266,093000,133645,11,1/1,1,电子化学,20260826
8,605277,新亚电子,10.019776344299316,16.69,175989461,6445613109.280001,6488828726.56,2.7314391136169434,64569237,093001,093001,0,1/1,1,消费电子,20260826
9,600479,千金药业,9.980039596557617,11.02,245578988,4611948429.34,5424154376.32,5.326394557952881,94867157,093003,093003,0,1/1,1,中药Ⅱ,20260826
10,600468,百利电气,10.050251007080078,6.57,293780928,7146421058.97,7146421104.96,4.1284990310668945,59070213,093046,093125,1,1/1,1,电网设备,20260826
11,688185,康希诺,20.0,85.62,466118176,9792607783.62,21151890241.620003,4.819250106811523,243914341,093054,093054,0,1/1,1,生物制品,20260826
12,002703,浙江世宝,10.018903732299805,17.46,1269404880,10232399372.04,14363161424.640001,12.542306900024414,118956743,093112,094242,3,2/2,2,汽车零部,20260826
13,605169,洪通燃气,10.017730712890625,12.41,77086801,3510540800.0,3510540800.0,2.212069511413574,50667845,093119,093146,1,1/1,1,燃气Ⅱ,20260826
14,002963,豪尔赛,9.990157127380371,22.35,229247023,3337756531.9500003,3360544435.5,6.938169002532959,47733230,093145,130812,2,2/2,2,装修装饰,20260826
15,603618,杭电股份,9.993108749389648,31.92,2521501088,22068709662.72,22068709662.72,11.494242668151855,298482164,093228,100301,2,1/1,1,电网设备,20260826
16,000536,华映科技,10.122699737548828,3.59,294204624,9919466232.44,9930057752.0,2.9953668117523193,66844579,093336,095545,1,1/1,1,光学光电,20260826
17,600604,市北高新,9.913793563842773,5.1,489741216,7178019500.4,9553854480.0,6.909062385559082,37519170,093441,134841,4,3/2,1,房地产开,20260826
18,600371,万向德农,10.034602165222168,9.54,452229232,2791194119.9999995,2791194119.9999995,16.52392578125,34980985,093512,105324,5,7/4,2,种植业,20260826
19,600103,青山纸业,10.158730506896973,3.47,755668976,7676781793.09,7775668829.440001,10.177248001098633,124279247,093544,093632,1,2/2,2,造纸,20260826
20,000890,法尔胜,10.068965911865234,7.98,140872542,3347538547.0800004,3347641664.6400003,4.327672958374023,82063926,093621,093621,0,1/1,1,环保设备,20260826
21,002949,华阳国际,9.967845916748047,13.68,290601696,2078342700.48,2682482280.48,14.394020080566406,54428629,093636,095248,5,2/2,2,工程咨询,20260826
22,601038,一拖股份,9.97697639465332,14.33,289921072,10485336590.75,16101836862.4,2.7993850708007812,19709482,093641,143929,3,1/1,1,专用设备,20260826
23,605162,新中港,10.0,9.9,261407473,4384178478.900001,4384178409.6,6.135110855102539,73455723,093739,093739,0,1/1,1,电力,20260826
24,603392,万泰生物,10.0,30.91,244864110,39082381571.64,39082381448.0,0.6411604881286621,71255215,093750,093817,1,1/1,1,医疗器械,20260826
25,002047,宝鹰股份,10.0,3.63,186794782,5503656941.309999,5503982737.44,3.449509859085083,72152421,093757,094830,1,1/1,1,装修装饰,20260826
26,000428,华天酒店,9.953703880310059,4.75,212861590,4839898500.0,4839898500.0,4.549842357635498,98759273,093906,093906,0,2/2,2,酒店餐饮,20260826
27,002942,新农股份,9.993634223937988,17.28,100050865,2397739674.2400002,2686706841.6000004,4.219804763793945,57377721,093936,093936,0,1/1,1,农化制品,20260826
28,600272,开开实业,10.010427474975586,21.1,1142225840,3376000000.0,5541956039.5,34.564395904541016,42566127,094048,135706,7,15/8,1,医药商业,20260826
29,600227,赤天化,9.973752975463867,4.19,1094496784,5353143174.570001,7075768979.200001,21.012868881225586,73231982,094502,110917,2,1/1,1,农化制品,20260826
30,002295,精艺股份,10.032715797424316,10.09,66118341,2526808430.0,2528715440.0,2.6722769737243652,45419126,094524,094551,1,1/1,1,工业金属,20260826
31,000712,锦龙股份,10.045146942138672,9.75,508504992,8733407718.75,8736000000.0,5.940485000610352,189962555,094554,101057,1,1/1,1,证券Ⅱ,20260826
32,603979,金诚信,10.00408935546875,80.71,513267616,50346299131.799995,50346298808.96,1.0373764038085938,123558939,094734,094734,0,1/1,1,工业金属,20260826
33,000997,新 大 陆,9.994683265686035,20.69,1852710336,20843920792.89,20960995964.800003,8.973761558532715,57309375,095033,134812,5,1/1,1,计算机设,20260826
34,603121,华培动力,10.023866653442383,13.83,151640238,4681921278.45,4681921236.96,3.312885284423828,22733754,095052,095119,1,1/1,1,汽车零部,20260826
35,600362,江西铜业,10.011324882507324,48.57,4149840400,100794766460.85,168184767346.56,4.214364528656006,206654567,095059,095141,1,1/1,1,工业金属,20260826
36,603200,上海洗霸,9.99742317199707,42.69,736903392,7491245597.07,7491245597.07,10.189713478088379,86635086,095530,100948,1,3/2,1,环境治理,20260826
37,002721,金一文化,10.0,3.08,545832864,8190886134.2,8190886112.64,6.848200798034668,85352344,095618,095951,2,1/1,1,饰品,20260826
38,000017,深中华A,10.0,9.46,961828272,4170175656.4600005,6519689418.88,24.108531951904297,61238647,100024,100224,2,5/5,5,饰品,20260826
39,301177,迪阿股份,20.00835418701172,28.73,203489782,11492287300.0,11499887649.12,1.9006361961364746,69398119,101609,101609,0,1/1,1,饰品,20260826
40,600095,湘财股份,10.02538013458252,8.67,685897776,24789157731.81,24789157740.48,2.857417106628418,101070048,101846,101907,1,1/1,1,证券Ⅱ,20260826
41,601212,白银有色,10.030394554138184,7.24,4031968832,53610567459.64,53610566656.0,7.878591060638428,106216490,102221,102221,0,4/3,1,工业金属,20260826
42,003040,楚天龙,10.012920379638672,17.03,1769610160,7780159893.740001,7853145535.040001,23.801273345947266,34776963,102615,110427,8,4/4,4,通信设备,20260826
43,002094,青岛金王,9.922179222106934,5.65,558150448,3901062551.8500004,3903571168.8,14.992460250854492,38394575,102739,102739,0,2/2,2,家居用品,20260826
44,603106,恒银科技,10.067113876342773,8.2,415275216,4268263999.9999995,4268263999.9999995,10.017557144165039,11161020,103837,131652,3,1/1,1,计算机设,20260826
45,603083,剑桥科技,10.0,190.85,4995730432,52596040987.049995,70280582732.8,9.790493965148926,244308039,104345,104345,0,1/1,1,通信设备,20260826
46,600969,郴电国际,9.953703880310059,9.5,151658055,3515479598.0,3515479560.0,4.431390285491943,15963800,110059,110059,0,1/1,1,电力,20260826
47,000533,顺钠股份,10.047392845153809,11.61,872307984,7951716864.0,8020373760.0,11.515205383300781,136443088,110342,110342,0,1/1,1,电网设备,20260826
48,603118,共进股份,10.030769348144531,17.88,2171553472,14076502139.279999,14076502032.0,16.063434600830078,72009912,111431,111431,0,1/1,1,通信设备,20260826
49,002072,凯瑞德,10.068026542663574,8.09,235578357,2973332262.0,2974531200.0,8.141404151916504,26921084,112736,143606,1,1/1,1,贸易Ⅱ,20260826
50,001268,联合精密,9.991039276123047,24.55,334009008,2315988497.35,3699750474.85,15.183320999145508,30613850,130051,130051,0,3/2,1,家电零部,20260826
51,001258,立新能源,10.008136749267578,13.52,1586435696,12618508153.68,12618666594.56,13.539796829223633,159609602,131451,131451,0,1/1,1,电力,20260826
52,603615,茶花股份,9.988180160522461,18.61,167100707,4500270200.0,4500270200.0,3.8258790969848633,89442618,131847,131847,0,1/1,1,家居用品,20260826
1,000017,深中华A,9.974424362182617,8.6,497483920,3791068778.6,5926990380.8,13.12454891204834,122828863,092500,095812,1,4/4,4,饰品,20260825
2,002445,中南文化,10.089020729064941,3.71,20938572,8778803167.33,8817213958.56,0.2385128289461136,233229075,092500,092500,0,2/2,2,通用设备,20260825
3,002084,海鸥住工,10.126582145690918,4.35,11115020,2804159822.7,2810343808.7999997,0.3963761329650879,195710950,092500,092500,0,2/2,2,家居用品,20260825
4,600984,建设机械,10.022271156311035,4.94,68324152,6209796989.500001,6209796964.8,1.1002638339996338,162802195,092502,092502,0,2/2,2,工程机械,20260825
5,002880,卫光生物,10.0,22.55,78240666,5114340000.0,5114340000.0,1.539973497390747,23159977,093012,093012,0,4/2,1,生物制品,20260825
6,600508,上海能源,10.020242691040039,10.87,423240480,10998322524.0,10998322524.0,3.862980842590332,33752002,093029,102544,1,2/2,2,煤炭开采,20260825
7,000428,华天酒店,9.923664093017578,4.32,76787310,4401760320.0,4401760320.0,1.779201865196228,93092302,093148,093148,0,1/1,1,酒店餐饮,20260825
8,600127,金健米业,10.047281265258789,9.31,2715416624,5975001759.58,5975001740.96,46.16722869873047,28919857,093154,145503,7,7/5,1,农产品加,20260825
9,605303,园林股份,10.014443397521973,22.85,83424017,3684274772.8,3684274772.8,2.2837131023406982,76101925,093212,093512,2,1/1,1,基础建设,20260825
10,000796,凯撒旅业,10.0,4.18,167037951,5562584888.299999,6703837652.16,3.0495293140411377,42638090,093251,093315,1,1/1,1,旅游及景,20260825
11,002949,华阳国际,9.991158485412598,12.44,266158340,1889954911.84,2439333301.8399997,14.240029335021973,7777488,093315,111933,10,1/1,1,工程咨询,20260825
12,600371,万向德农,10.02538013458252,8.67,406261424,2536651260.0,2536651260.0,16.272275924682617,46891660,093319,133249,4,6/3,1,种植业,20260825
13,300642,透景生命,20.0,16.2,178732721,2230830250.2,2628810304.2,8.18323040008545,53800200,093324,093324,0,1/1,1,医疗器械,20260825
14,600698,湖南天雁,9.969788551330566,7.28,230836543,6045688674.4800005,7779682659.84,3.8663458824157715,44127428,093410,093410,0,1/1,1,汽车零部,20260825
15,002041,登海种业,10.00981330871582,11.21,931125392,9864800000.0,9864800000.0,9.63973331451416,8143538,093415,144427,3,6/3,2,种植业,20260825
16,603360,百傲化学,9.984025001525879,13.77,157842229,9724699715.58,9724699632.96,1.651909589767456,34048321,093518,093533,1,1/1,1,农化制品,20260825
17,600470,六国化工,10.018552780151367,5.93,206076496,3093088000.0,3093088000.0,6.776531219482422,78405351,093523,093705,1,1/1,1,农化制品,20260825
18,003040,楚天龙,10.021322250366211,15.48,678449056,7072041993.84,7138384784.64,9.913867950439453,160849088,093548,093548,0,3/3,3,通信设备,20260825
19,600838,上海九百,10.013717651367188,8.02,110387309,3215073487.62,3215073511.68,3.4841597080230713,44266646,093650,093708,1,1/1,1,一般零售,20260825
20,600281,华阳新材,10.0217866897583,5.05,158661819,2597730226.25,2597730261.6,6.229799747467041,49350039,093946,101143,2,1/1,1,小金属,20260825
21,603095,越剑智能,9.993292808532715,16.4,291867280,4235614879.9999995,4235614879.9999995,7.050419330596924,71651600,094037,100352,1,10/5,1,专用设备,20260825
22,603079,圣达生物,9.97624683380127,13.89,213084522,2625621477.36,2625621477.36,8.403953552246094,93712357,094229,094229,0,8/4,1,化学制品,20260825
23,002742,冀衡医药,10.117647171020508,4.68,221288284,2451950855.64,3201597584.64,9.226219177246094,36986456,094306,094306,0,1/1,1,化学制药,20260825
24,002412,汉森制药,9.991079330444336,12.33,1236227040,6138428850.0,6204456000.0,21.265901565551758,117349788,094536,094536,0,5/5,5,中药Ⅱ,20260825
25,600103,青山纸业,10.139860153198242,3.15,513461552,6968836498.05,7058604268.8,7.509376525878906,33846772,094537,094537,0,1/1,1,造纸,20260825
26,603395,红四方,10.019268035888672,28.55,375668736,1855750000.0,7423000000.0,20.862396240234375,93508244,094713,094713,0,7/4,1,农化制品,20260825
27,603113,金能科技,10.0401611328125,5.48,188585335,4649728575.68,4649728619.52,4.19357442855835,61131674,094836,094836,0,1/1,1,化学原料,20260825
28,002907,华森制药,9.993012428283691,15.74,254303035,5336578546.74,6572966076.8,4.9629011154174805,87843366,094906,094906,0,1/1,1,中药Ⅱ,20260825
29,000695,滨海能源,10.035842895507812,15.35,299793120,3404800983.65,3557395333.65,9.000675201416016,89465924,095300,095951,1,1/1,1,电池,20260825
30,000566,海南海药,9.955751419067383,4.97,489612704,6444776096.009999,6447904646.4,7.843836307525635,128748222,095403,095403,0,1/1,1,化学制药,20260825
31,688169,石头科技,20.0,135.0,2557389040,35039400930.0,35039400930.0,7.472938537597656,98149860,095450,100320,3,1/1,1,小家电,20260825
32,603318,水发燃气,9.989258766174316,10.24,739024992,4700886261.76,5679853731.84,16.243764877319336,88163624,095639,100548,2,3/2,1,燃气Ⅱ,20260825
33,600785,新华百货,9.990663528442383,11.78,783600368,3721111069.7599998,3721111069.7599998,22.599348068237305,32046547,095650,140008,1,3/3,3,一般零售,20260825
34,002703,浙江世宝,9.979209899902344,15.87,1159846928,9300582934.38,13055175934.08,12.889159202575684,62815586,095806,102206,5,1/1,1,汽车零部,20260825
35,600936,北投科技,9.935205459594727,5.09,477401360,8505523556.51,8505523561.599999,5.7351484298706055,87405067,095822,101801,2,1/1,1,IT服务Ⅱ,20260825
36,000779,甘咨询,10.0,10.01,608006768,4652444716.92,4652942854.559999,13.598295211791992,181897495,095830,095830,0,1/1,1,工程咨询,20260825
37,002081,金 螳 螂,10.0,5.5,1145819008,14543338502.0,14604280328.0,8.306427955627441,168428150,095945,095945,0,10/5,1,装修装饰,20260825
38,002418,康盛股份,10.05434799194336,4.05,374789456,4602408003.9,4602420000.0,8.320642471313477,51021944,100009,103621,1,1/1,1,家电零部,20260825
39,603637,镇海股份,10.039215087890625,14.03,162502906,3348762854.31,3348762854.31,4.995213508605957,82260696,100128,100304,1,4/2,1,专业工程,20260825
40,002837,英维克,10.009132385253906,60.23,5646530048,68255050801.39,76921638195.36,8.51327896118164,326130693,100548,111236,1,1/1,1,专用设备,20260825
41,002713,东易日盛,10.055248260498047,9.96,149460356,5243948276.76,9475995632.640001,2.991664409637451,38510340,101124,101136,1,1/1,1,装修装饰,20260825
42,000070,特发信息,9.993155479431152,16.07,833419104,13767603548.87,13955074610.08,6.255198001861572,121344570,101548,101548,0,1/1,1,通信设备,20260825
43,002686,亿利达,10.0,6.82,252138103,3565010811.56,3861750907.52,7.3277177810668945,36685462,101939,101939,0,3/2,1,通用设备,20260825
44,002947,恒铭达,10.001845359802246,59.61,687782592,11820886418.28,15246386274.96,6.042917251586914,111229577,103642,105100,2,1/1,1,消费电子,20260825
45,002094,青岛金王,10.064239501953125,5.14,185731183,3548931241.8599997,3551213417.2799997,5.409899711608887,28577886,103654,103654,0,1/1,1,家居用品,20260825
46,600829,人民同泰,9.978307723999023,10.14,416052672,5880070373.58,5880070322.88,7.338248252868652,108536146,105903,130618,1,1/1,1,医药商业,20260825
47,000560,我爱我家,10.138248443603516,2.39,657564176,5588862503.66,5629647026.72,12.181095123291016,67197414,111212,111212,0,1/1,1,房地产服,20260825
48,002855,捷荣技术,10.0,11.0,50633745,2708499552.0,2710616502.0,1.9347530603408813,36550800,111406,111406,0,1/1,1,消费电子,20260825
49,600714,金瑞矿业,10.006373405456543,17.26,420095184,4973922471.9800005,4973922454.72,9.202391624450684,72804233,130112,130112,0,1/1,1,化学原料,20260825
50,603687,大胜达,10.0,14.41,214250615,7925959160.24,7925959275.52,2.868920087814331,62349188,130115,130115,0,1/1,1,包装印刷,20260825
51,002821,凯莱英,10.001916885375977,172.23,2807272416,54604463663.34,62117069782.56,5.368891716003418,158255257,130142,130142,0,1/1,1,医疗服务,20260825
52,300922,天秦装备,19.988309860229492,20.53,331482032,2591422017.77,3302299361.4,13.68289566040039,47246510,130721,130721,0,1/1,1,地面兵装,20260825
53,300097,智云股份,20.045557022094727,10.54,453799968,2780772584.64,3121807522.8799996,17.701221466064453,30687210,130948,130948,0,1/1,1,自动化设,20260825
54,603758,秦安股份,9.981851577758789,12.12,485242720,5249366513.88,5249366501.759999,9.602992057800293,5992128,131301,145134,5,13/7,1,汽车零部,20260825
55,003018,金富科技,10.0,45.98,882941184,13081841206.939999,14435420264.32,7.1574578285217285,114700558,131336,131336,0,3/2,1,包装印刷,20260825
56,003021,兆威机电,10.006046295166016,72.78,416117024,15090157019.64,19473937467.0,2.884432792663574,76038797,131936,131936,0,1/1,1,电机Ⅱ,20260825
57,002963,豪尔赛,10.016242027282715,20.32,212936519,3034595647.84,3055313777.6,7.360971927642822,9889744,132521,132521,0,1/1,1,装修装饰,20260825
58,603217,元利科技,9.996126174926758,28.39,174897121,5907606964.0,5907606964.0,3.0933427810668945,84549309,133652,133652,0,1/1,1,化学制品,20260825
59,002451,摩恩电气,10.013531684875488,8.13,258714360,3570281370.0000005,3582647100.0000005,7.722817897796631,63191238,133654,133748,1,1/1,1,电网设备,20260825
60,002259,升达林业,9.973752975463867,4.19,114220104,3152255438.7300005,3152255459.6800003,3.7968430519104004,26255378,134645,134645,0,1/1,1,燃气Ⅱ,20260825
61,600172,黄河旋风,9.98427677154541,13.99,2449812112,17951948525.920002,20176160875.2,14.433436393737793,185911711,135018,135530,1,1/1,1,通用设备,20260825
62,000659,珠海中富,10.038609504699707,2.85,105634481,3664252182.0,3664252204.8,3.0228984355926514,27258255,140203,140203,0,1/1,1,包装印刷,20260825
63,002478,常宝股份,10.015897750854492,6.92,325471696,5002259451.96,6233565230.08,6.796586513519287,67019639,143318,143318,0,1/1,1,特钢Ⅱ,20260825
64,603912,佳力图,10.060606002807617,9.08,361157856,4924322713.2,4924322695.04,7.617812633514404,42120639,143419,143419,0,1/1,1,通用设备,20260825
65,600605,汇通能源,10.016555786132812,26.58,206951566,5482986962.82,5482986962.82,3.8956778049468994,9544878,144153,144153,0,1/1,1,一般零售,20260825
1,000931,中 关 村,10.019646644592285,5.6,616654400,4205765379.2,4217511065.6,14.989714622497559,89005666,092500,143957,1,3/3,3,化学制药,20260824
2,000017,深中华A,9.98593521118164,7.82,69120996,3447227656.82,5389426136.96,2.0051183700561523,180589590,092500,092500,0,3/3,3,饰品,20260824
3,000065,北方国际,10.033076286315918,9.98,825797040,10628885358.54,11591192756.800001,7.800812721252441,73901500,092500,135606,6,1/1,1,专业工程,20260824
4,000925,众合科技,10.061349868774414,8.97,105717890,6020238310.71,6067037608.320001,1.7560416460037231,169076265,092500,092500,0,1/1,1,轨交设备,20260824
5,002445,中南文化,10.130719184875488,3.37,16167218,7974276731.51,8009167396.320001,0.20274211466312408,198607600,092500,092500,0,1/1,1,通用设备,20260824
6,002084,海鸥住工,10.027854919433594,3.95,19296785,2545938024.4,2551921389.6,0.7579439878463745,236239775,092500,092500,0,1/1,1,家居用品,20260824
7,002906,华阳集团,10.01558780670166,28.23,62595480,14812318630.59,14818464499.2,0.4225907027721405,325742046,092500,092500,0,1/1,1,汽车零部,20260824
8,002015,协鑫能科,10.035335540771484,15.57,494260512,25275164239.98,25275164146.56,1.9555184841156006,348193467,092500,092500,0,1/1,1,电力,20260824
9,600785,新华百货,9.958932876586914,10.71,169637652,3383115412.32,3383115412.32,5.015392780303955,74140264,092501,093116,1,2/2,2,一般零售,20260824
10,600604,市北高新,10.022271156311035,4.94,139040865,6952826731.76,9254125712.0,2.000519037246704,65737143,093000,093000,0,1/1,1,房地产开,20260824
11,002412,汉森制药,10.00981330871582,11.21,403946816,5580842450.0,5640872000.0,7.332803249359131,249630535,093006,093006,0,4/4,4,中药Ⅱ,20260824
12,601212,白银有色,10.016420364379883,6.7,1457887760,49611989223.700005,49611988480.0,2.9518795013427734,303296109,093045,093618,2,2/2,2,工业金属,20260824
13,002017,东信和平,9.979352951049805,15.98,684374144,9271154776.22,9275301825.92,7.44802713394165,51929742,093100,094518,5,2/2,2,通信设备,20260824
14,603958,哈森股份,10.024331092834473,22.61,965030064,4959729600.0,4959729600.0,19.913835525512695,52624775,093138,142646,3,6/5,3,服装家纺,20260824
15,003040,楚天龙,10.007819175720215,14.07,700507536,6427883130.06,6488183069.76,11.153006553649902,32440579,093157,102654,7,2/2,2,通信设备,20260824
16,001268,联合精密,10.00981330871582,22.42,129573980,2115049373.14,3378753794.1400003,6.221759796142578,43818993,093227,111324,1,1/1,1,家电零部,20260824
17,605286,同力天启,9.991974830627441,27.41,123464208,4604880000.0,4604880000.0,2.7201833724975586,139004113,093250,093308,1,1/1,1,专用设备,20260824
18,000620,盈新发展,10.158730506896973,3.47,1456230544,16210968388.050001,20375198632.960003,9.124317169189453,251117654,093357,094942,1,1/1,1,房地产开,20260824
19,603200,上海洗霸,10.008434295654297,39.13,130284373,6866536430.39,6866536430.39,1.924377679824829,41106065,093442,093442,0,1/1,1,环境治理,20260824
20,002277,友阿股份,10.085470199584961,6.44,530373392,8978472832.0,8978472832.0,5.961277961730957,45251703,093506,144454,5,1/1,1,一般零售,20260824
21,600594,益佰制药,9.946236610412598,4.09,209386557,3208171051.0,3208171067.3599997,6.601603031158447,37290906,093519,095922,2,1/1,1,中药Ⅱ,20260824
22,301152,天力锂能,20.020586013793945,23.32,324645248,1655235107.24,2769016963.2400002,20.0224609375,24870780,093530,100454,4,1/1,1,电池,20260824
23,603089,正裕工业,10.031347274780273,10.53,111102288,2527550312.04,2903323512.96,4.494946002960205,26984441,093613,093613,0,7/4,1,汽车零部,20260824
24,600613,神奇制药,10.0,9.9,937738752,4745267782.2,5287309156.8,20.356971740722656,93698837,093629,093844,1,8/6,1,化学制药,20260824
25,603032,德新科技,10.010881423950195,20.22,171616655,4708865952.0,4715858028.0,3.7020957469940186,48995082,093710,093710,0,1/1,1,电池,20260824
26,002580,圣阳股份,9.979101181030273,21.05,1205842672,9521731740.0,9553942281.6,12.827672958374023,188619367,093733,094145,1,1/1,1,电池,20260824
27,002882,金龙羽,10.0,23.76,332816752,5868483302.88,10285704000.0,5.773613452911377,22778712,093912,093912,0,1/1,1,电网设备,20260824
28,000723,美锦能源,9.887005805969238,3.89,697970720,17097234803.380001,17129624087.04,4.14756965637207,30298031,094003,094403,1,4/2,1,焦炭Ⅱ,20260824
29,002041,登海种业,10.043196678161621,10.19,450444064,8967200000.0,8967200000.0,5.1568450927734375,102201624,094412,094412,0,1/1,1,种植业,20260824
30,605198,安德利,10.0,64.79,323766816,17528027440.0,21652040520.000004,1.8804025650024414,55363055,094720,095129,1,1/1,1,农产品加,20260824
31,003035,南网能源,9.980806350708008,5.73,467651808,21704545449.510002,21704545432.320004,2.1831259727478027,67983585,094806,110709,3,1/1,1,电力,20260824
32,603105,芯能科技,9.943181991577148,7.74,249264831,3870088042.5,3870088050.2400002,6.541827201843262,60997392,095038,110356,1,1/1,1,电力,20260824
33,600508,上海能源,10.022271156311035,9.88,346728224,9996635376.0,9996635376.0,3.5398504734039307,74277237,095249,103443,2,1/1,1,煤炭开采,20260824
34,601700,风范股份,9.985734939575195,7.71,1221491328,8779818783.0,8779818752.16,14.542915344238281,50322784,095405,095405,0,16/9,1,电网设备,20260824
35,002651,利君股份,9.961685180664062,8.61,289523776,4868641949.009999,8898090600.0,6.118129253387451,69227594,095551,095551,0,1/1,1,航空装备,20260824
36,603330,天洋新材,10.03009033203125,10.97,1233974096,4461644133.1,4746429918.56,28.748992919921875,49273510,100452,110922,7,9/6,2,塑料,20260824
37,002172,澳洋健康,9.90099048614502,4.44,519433216,3397224841.2000003,3399851713.92,16.141847610473633,58956113,100703,100703,0,9/6,1,医疗服务,20260824
38,603565,中谷物流,10.008136749267578,13.52,731250400,28392853152.559998,28392853166.079998,2.616997718811035,75877836,101223,143841,1,1/1,1,航运港口,20260824
39,002716,湖南白银,9.980806350708008,11.46,6608849664,26615571224.04,32352595814.4,25.329517364501953,156651576,101430,145018,2,2/2,2,贵金属,20260824
40,600367,红星发展,10.005766868591309,38.15,2781079056,12283276893.3,13014143682.4,23.49808120727539,91482212,102611,140305,10,1/1,1,化学原料,20260824
41,300313,天山生物,20.0,15.36,639508496,3031338839.04,3683005347.8399997,23.494287490844727,23144448,105842,105842,0,6/3,1,养殖业,20260824
42,601083,锦江航运,9.983221054077148,13.11,563987472,2544913200.0,16965913200.0,22.63522720336914,17050866,130052,133513,1,1/1,1,航运港口,20260824
43,600610,中毅达,10.038119316101074,8.66,696790720,6137573265.3,9277238105.28,11.99840259552002,64715244,131811,131811,0,4/2,1,化学原料,20260824
44,600272,开开实业,10.0,18.15,884506560,2904000000.0,4767132801.75,31.8587646484375,17932200,133354,141527,4,13/7,1,医药商业,20260824
45,002052,同洲电子,10.060606002807617,9.08,280641488,6259635367.4,6832152439.68,4.672367572784424,50446146,140503,140503,0,1/1,1,其他电源,20260824
46,600403,大有能源,9.939759254455566,7.3,1039822368,17452930534.6,17452930520.0,6.199392795562744,109480676,141658,141658,0,4/2,1,煤炭开采,20260824
1,002412,汉森制药,10.043196678161621,10.19,229530341,5073040550.0,5127608000.0,4.52451229095459,150393618,092500,092500,0,3/3,3,中药Ⅱ,20260821
2,002038,双鹭药业,9.937888145446777,7.08,414613840,6031532117.28,7273638000.0,6.875837326049805,127471619,092500,093906,1,2/2,2,化学制药,20260821
3,000017,深中华A,10.061920166015625,7.11,294182288,3134244071.61,4900104838.08,9.430132865905762,39809601,092500,093909,1,2/2,2,饰品,20260821
4,002209,达 意 隆,10.033445358276367,13.16,206290574,2077290050.08,2691615458.0,9.93818187713623,23922248,092500,094236,1,1/1,1,专用设备,20260821
5,600785,新华百货,10.056497573852539,9.74,49663325,3076708134.08,3076708134.08,1.614170789718628,136694237,092502,092502,0,1/1,1,一般零售,20260821
6,688356,键凯科技,20.0,107.34,351028208,6510246138.0,6510246138.0,5.391934394836426,472387024,092504,092504,0,2/2,2,化学制药,20260821
7,000931,中 关 村,9.935205459594727,5.09,318517408,3822740317.88,3833416307.8399997,8.352328300476074,28100948,093000,094409,1,2/2,2,化学制药,20260821
8,601177,杭齿前进,10.015772819519043,13.95,128693980,5613710175.0,5687603380.799999,2.2931883335113525,38831220,093002,093002,0,1/1,1,通用设备,20260821
9,000710,贝瑞基因,10.03201675415039,10.31,591543040,3459287060.98,3644806376.32,17.333370208740234,75897065,093003,094833,2,2/2,2,医疗服务,20260821
10,003040,楚天龙,9.974205017089844,12.79,397633808,5843114799.82,5897929030.719999,6.819206237792969,86539698,093003,094033,2,1/1,1,通信设备,20260821
11,603958,哈森股份,10.010706901550293,20.55,313260448,4507848000.0,4507848000.0,6.9939961433410645,57480405,093039,093357,2,5/4,2,服装家纺,20260821
12,603333,福华尚纬,10.055866241455078,9.85,182185418,6122046722.099999,6122046702.4,2.9935343265533447,58961115,093105,093150,1,1/1,1,电网设备,20260821
13,002686,亿利达,9.983633041381836,6.72,237551515,3512737925.7599998,3805126993.92,6.814033031463623,33017712,093157,094554,2,1/1,1,通用设备,20260821
14,002971,和远气体,10.007080078125,46.61,323853600,7504421889.059999,9817231250.0,4.408772945404053,120107677,093200,093200,0,1/1,1,化学制品,20260821
15,603626,科森科技,10.029498100280762,18.65,800520928,10348506218.5,10348506330.4,7.867527008056641,144720270,093421,112015,2,2/2,2,消费电子,20260821
16,603095,越剑智能,10.021629333496094,15.26,116838526,3941187992.0,3941187992.0,3.028225898742676,65965378,093536,093536,0,8/4,1,专用设备,20260821
17,600460,士兰微,9.990806579589844,35.89,2699276816,59723538517.05,59723538337.6,4.633241176605225,483488617,093609,093609,0,1/1,1,半导体,20260821
18,603079,圣达生物,10.039215087890625,14.03,160811789,2652085624.72,2652085624.72,6.300671577453613,267394964,093729,093729,0,6/3,1,化学制品,20260821
19,603318,水发燃气,10.034602165222168,9.54,416796176,4379536614.96,5291582480.639999,9.625664710998535,38095051,093826,093856,1,1/1,1,燃气Ⅱ,20260821
20,603052,可川科技,10.005370140075684,61.46,271758768,11548166951.72,11548166951.72,2.4086990356445312,157220826,094050,094050,0,1/1,1,消费电子,20260821
21,601212,白银有色,9.9277982711792,6.09,2015909280,45095076771.99,45095076096.0,4.543975830078125,138522531,094119,100810,4,1/1,1,工业金属,20260821
22,002536,飞龙股份,10.0,46.97,1653153392,25613805762.93,26997693159.36,6.593226909637451,241451210,094133,094133,0,1/1,1,汽车零部,20260821
23,603803,瑞斯康达,10.00971794128418,11.32,261119318,4809681865.24,4809681808.64,5.583726406097412,77434312,094314,094314,0,1/1,1,通信设备,20260821
24,002396,星网锐捷,10.016583442687988,33.17,2406313232,25123459066.02,25227588386.56,9.801044464111328,239018840,094430,104445,1,1/1,1,通信设备,20260821
25,003018,金富科技,9.997443199157715,43.02,376032224,12239687010.060001,13506128311.68,3.1604175567626953,58269686,094515,094515,0,1/1,1,包装印刷,20260821
26,002017,东信和平,9.992429733276367,14.53,470577312,8429904812.17,8433675565.12,5.699089050292969,30427273,094554,104157,3,1/1,1,通信设备,20260821
27,600397,江钨装备,10.006064414978027,18.14,1812964032,17957872259.48,17957872368.32,10.35189437866211,115029368,094816,112049,3,1/1,1,专用设备,20260821
28,603065,宿迁联盛,10.031745910644531,17.33,585270272,7260708022.759999,7260707953.44,8.27791976928711,16865556,094943,100246,2,4/2,1,化学制品,20260821
29,603045,福达合金,9.992313385009766,57.24,477820944,7752880672.2,7752880672.2,6.307802677154541,69409224,095612,100806,1,1/1,1,金属新材,20260821
30,300839,博汇股份,20.019248962402344,12.47,225948952,3531272033.06,3593030181.92,6.74155855178833,44995501,095618,095618,0,1/1,1,炼化及贸,20260821
31,600353,旭光电子,10.0,38.28,3782619184,31726891166.52,31726890898.56,12.329224586486816,107624602,095619,105143,4,6/4,1,其他电子,20260821
32,002655,共达电声,9.988351821899414,37.77,1201894592,13720787217.000002,13770904532.160002,9.012497901916504,112784997,095733,100403,1,1/1,1,消费电子,20260821
33,002988,豪美新材,9.990876197814941,24.11,280388784,6022786398.559999,6022786398.559999,4.749703884124756,14796307,100639,101848,3,1/1,1,工业金属,20260821
34,603330,天洋新材,10.044150352478027,9.97,1127323856,4054930903.1000004,4313756270.56,28.838470458984375,36467169,100644,104320,10,8/5,1,塑料,20260821
35,002192,融捷股份,9.996966361999512,72.51,1971905872,18788620148.91,18827598769.530003,10.75625228881836,80008476,101545,132651,4,1/1,1,能源金属,20260821
36,300214,日科化学,20.0,12.9,790411152,5997243720.6,5997243643.2,14.1696138381958,33102690,101736,143436,1,1/1,1,化学制品,20260821
37,688137,近岸蛋白,20.00296401977539,80.99,794653568,5662614518.469999,5662614518.469999,15.122529983520508,27153112,101819,102619,2,2/2,2,生物制品,20260821
38,600577,精达股份,10.038119316101074,8.66,1025608080,19327512167.08,19327512149.760002,5.4658002853393555,139346154,103910,110334,1,1/1,1,电网设备,20260821
39,002716,湖南白银,10.031679153442383,10.42,4312985600,24200196523.079998,29416583628.8,18.292190551757812,163236802,104036,132336,1,1/1,1,贵金属,20260821
40,000628,高新发展,9.99272346496582,45.35,731645344,8718019829.75,15975898000.0,8.720420837402344,116098040,110042,110042,0,1/1,1,房屋建设,20260821
41,002903,宇环数控,10.009780883789062,33.74,857018768,3629275119.26,5252019010.0,24.663387298583984,51301670,110212,110212,0,2/2,2,通用设备,20260821
42,002449,国星光电,9.953344345092773,7.07,305651200,4372633584.83,4372633577.76,7.121939182281494,41063592,112951,131957,3,1/1,1,光学光电,20260821
43,688328,深科达,19.994733810424805,91.16,1103203328,8610635852.199999,8610635852.199999,13.532352447509766,121109615,130226,135426,1,1/1,1,专用设备,20260821
44,003031,中瓷电子,9.997676849365234,142.04,2202510032,48315857099.84,64067548802.56,4.7383880615234375,134898370,131230,131815,1,6/3,1,通信设备,20260821
45,600110,诺德股份,10.040983200073242,10.74,2285226624,18635843209.68,18635843166.72,12.695115089416504,185503428,132708,141702,1,1/1,1,电池,20260821
46,603758,秦安股份,10.009354591369629,11.76,383461392,5093444736.24,5093444724.48,7.971820831298828,34234536,133631,133631,0,11/6,1,汽车零部,20260821
47,000603,盛达资源,10.006010055541992,36.61,3354818496,24408485902.989998,25259777683.84,14.267595291137695,42009975,135645,140024,3,1/1,1,贵金属,20260821
48,002638,勤上股份,10.133333206176758,4.13,317387504,5586568437.17,5933134673.76,5.900334358215332,32699275,141106,141106,0,4/2,1,照明设备,20260821
49,002045,国光电器,10.024154663085938,9.11,490236848,5117313675.0199995,5124221368.96,9.886504173278809,110878037,142630,142630,0,1/1,1,消费电子,20260821
50,002491,通鼎互联,10.015567779541016,21.2,7263185920,24941138475.2,26075883315.2,30.457759857177734,151230136,142709,144954,2,2/2,2,通信设备,20260821
51,300016,北陆药业,20.0,10.44,1230292512,5868990207.719999,6072840760.32,22.65367317199707,56110750,143009,143009,0,1/1,1,化学制药,20260821
52,002886,沃特股份,9.994821548461914,21.24,350051264,4440820203.36,5590443720.599999,8.295536041259766,103426056,143230,143230,0,1/1,1,塑料,20260821
53,002631,德尔未来,10.034602165222168,9.54,376896752,7570680238.079999,7606078675.199999,5.176490306854248,111458682,143454,143454,0,1/1,1,家居用品,20260821
54,301591,肯特股份,20.012706756591797,37.78,381200704,1688567579.44,4131469680.0,24.903371810913086,92171488,143727,143727,0,1/1,1,塑料,20260821
1,002412,汉森制药,9.97624683380127,9.26,40263425,4610044700.0,4659632000.0,0.8733847141265869,234275203,092500,092500,0,2/2,2,中药Ⅱ,20260820
2,000931,中 关 村,9.97624683380127,4.63,53753740,3477266733.16,3486977898.88,1.545861840248108,94679893,092500,092500,0,1/1,1,化学制药,20260820
3,002038,双鹭药业,10.085470199584961,6.44,109523779,5486308875.04,6616134000.0,1.996310830116272,119118104,092500,092500,0,1/1,1,化学制药,20260820
4,300006,莱美药业,20.0,5.94,332679168,6271576134.120001,6272112528.0,5.304554462432861,290851606,092500,092500,0,1/1,1,化学制药,20260820
5,300142,沃森生物,20.0,15.12,1014376480,23846327391.6,24182149985.28,4.253805637359619,805570239,092500,092500,0,1/1,1,生物制品,20260820
6,688185,康希诺,20.003725051879883,64.43,212586914,7369046011.43,15917032098.430002,2.8848633766174316,432346626,092501,092501,0,1/1,1,生物制品,20260820
7,688276,百克生物,20.012828826904297,18.71,121420828,7739533658.58,7739533696.0,1.5688390731811523,65362954,092502,092502,0,1/1,1,生物制品,20260820
8,688658,悦康药业,19.984508514404297,15.49,205507689,6970500000.0,6970500000.0,2.948248863220215,94567363,092502,092502,0,1/1,1,化学制药,20260820
9,688356,键凯科技,20.002681732177734,89.45,51894775,5425205115.0,5425205115.0,0.9565495252609253,765440108,092502,092502,0,1/1,1,化学制药,20260820
10,688137,近岸蛋白,20.003555297851562,67.49,155992742,4718728902.969999,4718728902.969999,3.305821180343628,208871493,092504,092504,0,1/1,1,生物制品,20260820
11,001277,速达股份,10.009099960327148,36.27,222483222,1652079966.0300002,2756520000.0,13.562251091003418,223202388,093000,093727,3,2/2,2,专用设备,20260820
12,002399,海普瑞,10.04878044128418,11.28,98805010,14068435221.119999,16551101226.24,0.7043498754501343,102834796,093000,093133,1,1/1,1,化学制药,20260820
13,300122,智飞生物,19.966859817504883,14.48,892674496,20479154471.04,34662075493.12,4.359419822692871,173654962,093000,093000,0,1/1,1,生物制品,20260820
14,603590,康辰药业,9.996795654296875,34.33,88614847,5431811965.41,5458829675.41,1.6314083337783813,59093224,093001,093001,0,1/1,1,生物制品,20260820
15,002940,昂利康,9.988385200500488,28.41,520697280,5263657295.28,5731097764.26,10.007668495178223,110562628,093003,100018,1,1/1,1,化学制药,20260820
16,600613,神奇制药,10.025707244873047,8.56,514941968,4102979011.6800003,4571653169.92,12.550951957702637,339477461,093004,093004,0,6/5,1,化学制药,20260820
17,002365,永安药业,9.97906494140625,15.76,1141291968,3865746239.92,4644196136.96,29.80791664123535,26855040,093006,143803,5,3/2,1,化学制药,20260820
18,000590,古汉医药,9.988649368286133,9.69,33544631,2319384126.63,2320476577.23,1.4548598527908325,16799252,093024,093024,0,1/1,1,中药Ⅱ,20260820
19,920344,三元基因,29.9737548828125,24.76,134015324,2815909216.84,3016015600.0,4.886692047119141,93263293,093030,093030,0,1/1,1,生物制品,20260820
20,688105,诺唯赞,19.98119354248047,25.52,323206288,13193458833.28,13193459037.44,2.467048406600952,184255778,093102,093102,0,1/1,1,生物制品,20260820
21,600127,金健米业,9.974424362182617,8.6,2357097472,5519335674.8,5519335657.599999,43.407379150390625,54634940,093106,130427,9,4/4,4,农产品加,20260820
22,000710,贝瑞基因,9.97652530670166,9.37,142630809,3087695378.5099998,3312496192.64,4.648985862731934,31012826,093112,093112,0,1/1,1,医疗服务,20260820
23,603801,志邦家居,10.045661926269531,7.23,147231727,3140361222.09,3140361258.2400002,4.756082534790039,41086557,093125,093319,1,2/2,2,家居用品,20260820
24,603988,中电电机,10.015567779541016,21.2,135831445,4986240000.0,4986240000.0,2.7405612468719482,33574440,093138,093653,5,1/1,1,电机Ⅱ,20260820
25,601700,风范股份,9.970674514770508,7.5,612844896,8540679750.0,8540679720.0,7.248906135559082,111732240,093141,093217,1,14/8,1,电网设备,20260820
26,002030,达安基因,9.944750785827637,5.97,213092196,8378572811.04,8378572811.04,2.5610554218292236,84974263,093145,093218,1,1/1,1,医疗器械,20260820
27,688114,华大智造,20.00347137451172,69.11,467601056,28724716194.64,28785431817.6,1.6624248027801514,171291968,093220,093220,0,1/1,1,医疗器械,20260820
28,001210,金房能源,10.018484115600586,29.76,145946381,3970575956.1600003,6533443320.96,3.722773313522339,130432544,093221,093306,1,1/1,1,电力,20260820
29,300841,康华生物,19.99601936340332,60.31,506960592,7332208393.54,7837097478.690001,6.962749481201172,148208025,093254,093254,0,1/1,1,生物制品,20260820
30,688426,康为世纪,19.9895076751709,22.87,47767775,2566644480.1600003,2572731284.92,1.8977707624435425,29283800,093255,093407,1,1/1,1,医疗器械,20260820
31,603036,如通股份,10.014204978942871,15.49,284477840,3191033327.25,3191033327.25,9.064828872680664,15658841,093327,110318,3,1/1,1,专用设备,20260820
32,002880,卫光生物,10.0,21.89,58704783,4964652000.0,4964652000.0,1.194711685180664,55848920,093345,093345,0,1/1,1,生物制品,20260820
33,603392,万泰生物,9.996429443359375,30.81,208890650,38955942291.24,38955942168.0,0.5399757027626038,95608852,093354,093354,0,1/1,1,医疗器械,20260820
34,002743,富煌钢构,9.950248718261719,4.42,200992734,1920803722.76,1923886681.6,10.715922355651855,9900800,093421,094539,4,3/2,1,专业工程,20260820
35,000017,深中华A,10.051107406616211,6.46,66504400,2847709803.46,4452134634.88,2.3752493858337402,33997532,093439,093439,0,1/1,1,饰品,20260820
36,000520,凤凰航运,9.975062370300293,4.41,135718201,4463288036.55,4463288040.96,3.093320369720459,68280100,093712,093712,0,4/2,1,航运港口,20260820
37,601877,正泰电器,10.004185676574707,26.28,1034728768,56474904689.28,56474904689.28,1.8441184759140015,99737856,093732,101035,1,1/1,1,电网设备,20260820
38,603285,键邦股份,10.0,37.51,175136820,2336752217.7999997,6001600000.0,7.614022731781006,110436942,093749,093749,0,4/2,1,化学制品,20260820
39,301166,优宁维,20.01409339904785,34.06,184690587,1921681140.0800002,2934898020.0800004,9.88013744354248,134829234,093754,093754,0,1/1,1,生物制品,20260820
40,603376,大明电子,9.992254257202148,28.4,119941809,908822720.0,11360028627.199999,13.344263076782227,14799296,094028,095504,4,1/1,1,汽车零部,20260820
41,002579,中京电子,10.0,15.29,495325952,8920367859.26,9366938760.96,5.699924468994141,185184620,094045,094045,0,1/1,1,元件,20260820
42,603519,立霸股份,9.980039596557617,16.53,333642624,4402399178.67,4402399178.67,7.66655969619751,13460379,094200,110633,2,1/1,1,家电零部,20260820
43,603882,金域医学,10.01430606842041,30.76,331003648,14153739588.52,14249824446.720001,2.3673391342163086,98259744,094202,094235,1,1/1,1,医疗服务,20260820
44,300109,新开源,19.969970703125,15.98,1362583744,8269738481.26,9218167317.44,16.784570693969727,18558213,094221,145118,8,1/1,1,化学制品,20260820
45,603958,哈森股份,10.011778831481934,18.68,299677168,4097644800.0,4097644800.0,7.694764137268066,66361914,094250,094250,0,4/3,1,服装家纺,20260820
46,600250,南京商旅,10.0,9.24,248528336,2890192572.96,2890192609.92,8.834385871887207,59698725,094317,102138,2,1/1,1,旅游及景,20260820
47,603016,新宏泰,10.003585815429688,30.68,157191578,4545548800.0,4545548800.0,3.528297185897827,43458220,094402,100835,2,1/1,1,电网设备,20260820
48,300363,博腾股份,20.0,24.48,1283285648,12131168676.48,13303464468.48,11.006208419799805,164286406,094557,094557,0,1/1,1,医疗服务,20260820
49,603177,德创环保,10.0,11.0,73558904,2246112000.0,2246112000.0,3.3764545917510986,41774150,094728,094728,0,1/1,1,环境治理,20260820
50,002437,誉衡药业,10.0,4.73,2222111536,9933727715.230001,10547276245.44,22.95690155029297,254354288,094818,094818,0,10/6,1,化学制药,20260820
51,603637,镇海股份,10.015649795532227,14.06,153321761,3355923430.62,3355923430.62,4.675266265869141,48580112,095037,095037,0,1/1,1,专业工程,20260820
52,603716,塞力医疗,9.980928421020508,17.3,350012624,3906180321.0,3906180321.0,9.145796775817871,55973907,095046,095046,0,1/1,1,医药商业,20260820
53,000007,全新好,10.009099960327148,12.09,214508937,4188556851.96,4188556900.32,5.228774070739746,64290980,095203,104209,2,3/2,1,一般零售,20260820
54,002552,宝鼎科技,10.0096435546875,57.04,2128262368,21019427604.56,22130683109.12,10.4503812789917,65533256,095203,140630,5,15/8,1,元件,20260820
55,300765,石药创新,20.0,51.78,3228159920,72729822640.32,72729822640.32,4.593658924102783,234237237,095242,101954,1,1/1,1,化学制药,20260820
56,605116,奥锐特,10.0,22.0,175428024,8936031148.0,8936031104.0,2.008009910583496,42266400,095405,095405,0,1/1,1,化学制药,20260820
57,600539,狮头股份,10.028653144836426,15.36,432388000,3532800000.0,3532800000.0,12.486478805541992,38572032,095747,102626,2,1/1,1,互联网电,20260820
58,002491,通鼎互联,9.988584518432617,19.27,4235345280,22670553698.92,23701993937.92,19.102991104125977,235984274,100012,140612,13,1/1,1,通信设备,20260820
59,300601,康泰生物,19.983417510986328,14.47,1447691312,13028747368.24,16161981035.84,11.358240127563477,77645962,100036,130009,2,1/1,1,生物制品,20260820
60,001360,南矿集团,10.024301528930664,18.11,106572249,2272521650.94,3694440000.0,4.788166522979736,66385827,101327,101327,0,1/1,1,专用设备,20260820
61,601118,海南橡胶,9.929078102111816,6.2,1162765616,26532452341.4,26532452310.4,4.568532943725586,127146872,101729,133350,2,1/1,1,种植业,20260820
62,603578,三星新材,10.0,13.75,75630301,2479909190.0,3218332755.0,3.1493165493011475,43057080,102031,102031,0,1/1,1,家电零部,20260820
63,002811,郑中设计,9.991743087768555,13.32,214846231,3764058280.56,4102160400.0,5.86566686630249,84123658,102057,102057,0,1/1,1,装修装饰,20260820
64,603580,艾艾精工,10.001470565795898,74.79,957283136,9773048628.0,9773048628.0,10.11898422241211,41725341,103057,103057,0,4/3,1,塑料,20260820
65,605080,浙江自然,9.995076179504395,22.34,222597846,3135445808.0,3147911974.8,7.246250629425049,1840816,104150,145505,3,1/1,1,文娱用品,20260820
66,688433,华曙高科,20.0023250579834,103.25,1071039360,42908381727.75,42908382244.0,2.637620449066162,33105976,104245,105442,2,1/1,1,通用设备,20260820
67,300710,万隆光电,20.007436752319336,32.27,201260048,2406697019.51,3210551981.0000005,8.853050231933594,49507020,104512,104512,0,1/1,1,通信设备,20260820
68,603626,科森科技,9.993510246276855,16.95,814107504,9405210745.5,9405210847.199999,8.90273666381836,110161609,105149,112313,2,1/1,1,消费电子,20260820
69,002313,日海智能,10.025062561035156,8.78,179593968,3287050253.9999995,3287231999.9999995,5.598814010620117,1966720,110730,112206,2,1/1,1,通信设备,20260820
70,600327,大东方,10.129870414733887,4.24,215283196,3751465156.32,3751465164.8,5.872880458831787,10367308,111455,111558,1,1/1,1,一般零售,20260820
71,600211,西藏药业,10.013140678405762,41.86,596200864,13492281544.56,13492281712.0,4.501248836517334,42161224,112906,112906,0,1/1,1,生物制品,20260820
72,002903,宇环数控,10.007173538208008,30.67,638273888,3299047655.8300004,4774138205.0,20.08041763305664,65649135,130021,130306,2,1/1,1,通用设备,20260820
73,300009,安科生物,19.976360321044922,10.15,1966375312,12487009404.800001,16957612145.6,16.316110610961914,60124509,130033,140848,3,1/1,1,生物制品,20260820
74,600683,京投发展,10.020661354064941,10.65,795905648,7889281408.05,7889281440.0,10.396149635314941,64654020,130555,144452,5,9/5,1,房地产开,20260820
75,002172,澳洋健康,9.90099048614502,4.44,829644048,3397224841.2000003,3399851713.92,26.35906410217285,101419368,131045,131045,0,7/5,1,医疗服务,20260820
76,001333,光华股份,10.014873504638672,22.19,110018984,2840320000.0,2840320000.0,3.982527256011963,27082895,132736,135321,2,1/1,1,塑料,20260820
77,003010,若羽臣,9.996228218078613,29.16,437117568,6594306027.12,9070494203.52,6.867952346801758,46919373,141715,141715,0,1/1,1,互联网电,20260820
78,000523,红棉股份,9.968847274780273,3.53,646299424,4677815343.62,6479203677.92,15.011350631713867,22625711,142251,144927,1,1/1,1,综合Ⅱ,20260820
79,603666,亿嘉和,10.0,26.07,160637436,5358178049.4,5358178049.4,3.1280040740966797,49621638,145534,145534,0,1/1,1,自动化设,20260820
1,002953,日丰股份,10.03752326965332,11.73,274830864,3299517248.6400003,5766229271.04,8.330615997314453,96303464,092500,093024,1,2/2,2,电网设备,20260819
2,002333,罗普斯金,10.06944465637207,6.34,89434468,4225669995.42,4279023232.0,2.1164565086364746,86305259,092500,092500,0,1/1,1,装修建材,20260819
3,600127,金健米业,9.98593521118164,7.82,228896553,5018744764.76,5018744749.12,4.560832500457764,434089920,092502,092502,0,3/3,3,农产品加,20260819
4,603395,红四方,10.015174865722656,29.0,340767024,1885000000.0,7540000000.0,18.110715866088867,121144919,092502,093208,1,3/3,3,农化制品,20260819
5,600783,鲁信创投,10.027247428894043,20.19,896876320,15028614145.86,15028614186.240002,5.969210147857666,69036555,092502,093220,1,1/1,1,通用设备,20260819
6,000020,深华发Ａ,10.00800609588623,13.74,260630962,2489212472.34,3890635327.68,10.565042495727539,23029614,093000,093424,1,2/2,2,光学光电,20260819
7,601011,宝泰隆,10.144927024841309,3.04,220941870,5823620198.56,5823620213.76,3.8014347553253174,141757209,093002,093002,0,1/1,1,焦炭Ⅱ,20260819
8,603506,南都物业,10.0,11.88,89193465,2230800014.52,2230800014.52,4.0041937828063965,24378948,093014,093153,1,1/1,1,房地产服,20260819
9,600371,万向德农,9.950860023498535,8.95,468331760,2618573100.0,2618573100.0,18.174043655395508,9075926,093118,144630,5,2/2,2,种植业,20260819
10,001301,尚太科技,10.007059097290039,62.33,1006984592,16211346497.38,22726526250.079998,6.242081642150879,28398794,093121,145148,10,1/1,1,电池,20260819
11,002900,哈三联,9.992961883544922,15.63,321354304,2518343112.0,4944621522.72,12.879672050476074,148077057,093127,093227,1,1/1,1,化学制药,20260819
12,000505,京粮控股,10.014727592468262,7.47,498300320,4723881109.92,5430318412.32,10.736207008361816,59900025,093133,093133,0,3/3,3,农产品加,20260819
13,603102,百合股份,10.0,45.76,332757584,2928640000.0,2928640000.0,11.476014137268066,114928161,093233,093233,0,6/3,1,食品加工,20260819
14,603801,志邦家居,10.050251007080078,6.57,88350747,2853689243.31,2853689276.1600003,3.122469425201416,31448645,093238,093349,1,1/1,1,家居用品,20260819
15,000526,学大教育,9.98874568939209,39.09,359175440,4748399466.81,4763550750.81,7.69510555267334,94120902,093324,093445,1,2/2,2,教育,20260819
16,000560,我爱我家,10.185185432434082,2.38,1011651408,5565478141.719999,5606092018.24,18.32952308654785,36632633,093327,103524,4,1/1,1,房地产服,20260819
17,002412,汉森制药,10.065360069274902,8.42,262158048,4191854900.0,4236944000.0,6.379430294036865,86021043,093342,093454,1,1/1,1,中药Ⅱ,20260819
18,000736,中交发展,10.112359046936035,4.9,160065190,3660782164.9,3660782160.0000005,4.42814302444458,25509463,093348,093348,0,1/1,1,房地产服,20260819
19,301211,亨迪药业,19.966997146606445,14.54,804175808,6071851656.0,6071904000.0,13.694334030151367,12206577,093436,144245,4,1/1,1,化学制药,20260819
20,000723,美锦能源,9.887005805969238,3.89,713626176,17097234803.380001,17129624087.04,4.2342329025268555,48257784,093536,094654,2,1/1,1,焦炭Ⅱ,20260819
21,301130,西点药业,19.98562240600586,33.38,531752816,1969999476.8000002,2553392585.3,28.163236618041992,19976928,093542,140345,1,4/2,1,化学制药,20260819
22,603848,好太太,9.977494239807129,14.66,129214263,5899279451.26,5899279465.92,2.217052936553955,31070404,093616,100519,2,1/1,1,家居用品,20260819
23,001277,速达股份,10.010009765625,32.97,82519112,1501766652.33,2505720000.0,5.547394752502441,52843162,094227,094227,0,1/1,1,专用设备,20260819
24,001338,永顺泰,10.057143211364746,9.63,288564544,4831667931.42,4831667912.160001,6.050739288330078,10799082,094515,141857,7,1/1,1,农产品加,20260819
25,600403,大有能源,10.0,6.82,825534992,16305340581.640001,16305340568.0,5.202277660369873,192467581,094829,094829,0,1/1,1,煤炭开采,20260819
26,603290,斯达半导,10.001096725463867,100.31,2055796656,24021583374.46,24021583374.46,8.758039474487305,85393903,095313,104958,2,1/1,1,半导体,20260819
27,001400,江顺科技,9.996160507202148,85.94,516813280,3973135110.0,7218960000.0,13.545987129211426,40254038,095445,131215,2,1/1,1,专用设备,20260819
28,300069,金利华电,20.013851165771484,34.66,615058704,4055219999.9999995,4055219999.9999995,16.505449295043945,77711186,095927,100006,1,1/1,1,电网设备,20260819
29,601015,陕西黑猫,10.089020729064941,3.71,565578256,7577666240.69,7577666214.72,7.6814374923706055,40756783,101531,102146,1,1/1,1,焦炭Ⅱ,20260819
30,600610,中毅达,10.014103889465332,7.8,360766880,5528068299.0,8355941942.4,6.71243143081665,51554427,102435,103026,2,1/1,1,化学原料,20260819
31,603366,日出东方,9.942362785339355,7.63,296530384,6203557010.63,6203556972.48,4.9358930587768555,52324395,110113,110113,0,1/1,1,厨卫电器,20260819
32,002040,南 京 港,9.951457023620605,9.06,278959264,4403843531.7,4403843486.400001,6.485558986663818,15963448,112209,132000,3,1/1,1,航运港口,20260819
33,000059,华锦股份,9.978307723999023,5.07,403313488,8109023844.09,8109173698.080001,5.144987106323242,46325097,130551,133009,1,1/1,1,炼化及贸,20260819
34,300911,亿田智能,19.981998443603516,26.66,820474752,4568039597.86,4887934750.74,19.352800369262695,144761693,130754,130754,0,1/1,1,厨卫电器,20260819
35,002543,万和电气,10.029069900512695,7.57,254631803,5008449024.570001,5629052000.0,5.285464286804199,121869626,135157,135157,0,1/1,1,厨卫电器,20260819
36,603113,金能科技,10.04273509979248,5.15,187294643,4369726672.400001,4369726713.6,4.465234756469727,35513689,141202,141202,0,1/1,1,化学原料,20260819
1,002820,桂发祥,10.044842720031738,12.27,50512768,2464653979.65,2464653979.65,2.0494871139526367,150905417,092500,092500,0,3/3,3,休闲食品,20260818
2,603089,正裕工业,9.972041130065918,11.8,56736937,2832392562.4,3253486937.6000004,2.003145217895508,54495763,092500,092500,0,3/3,3,汽车零部,20260818
3,000153,丰原药业,10.049423217773438,6.68,70646077,3065241559.96,3104099273.6,2.3047473430633545,109721939,092500,092500,0,1/1,1,化学制药,20260818
4,002953,日丰股份,10.010319709777832,10.66,62896804,2998538266.88,5240239047.68,2.0975821018218994,112156386,092500,092500,0,1/1,1,电网设备,20260818
5,000620,盈新发展,10.0,3.41,1213375824,15930663459.150002,20022889722.88,7.65104866027832,184542611,092500,093221,1,3/2,1,房地产开,20260818
6,000526,学大教育,9.996905326843262,35.54,113823958,4317168509.86,4330943813.86,2.6365418434143066,329441584,092500,092500,0,1/1,1,教育,20260818
7,603958,哈森股份,10.011919021606445,18.46,20300462,4049385600.0,4049385600.0,0.5013220310211182,66446770,092501,092501,0,2/2,2,服装家纺,20260818
8,600613,神奇制药,10.070921897888184,7.76,560836352,3719523029.2799997,4144395864.3199997,15.084710121154785,92817360,092502,104923,1,4/4,4,化学制药,20260818
9,002515,金字火腿,9.974746704101562,8.71,1235081872,9597130258.04,10544449333.6,13.091913223266602,203600605,093003,112354,1,1/1,1,食品加工,20260818
10,002284,亚太股份,10.010764122009277,10.22,527236384,7482964916.56,7553605597.440001,7.2055816650390625,84447860,093009,101757,1,1/1,1,汽车零部,20260818
11,603395,红四方,10.016695022583008,26.36,127945512,1713400000.0,6853600000.0,7.492656707763672,105694189,093011,093011,0,2/2,2,农化制品,20260818
12,600127,金健米业,10.061920166015625,7.11,383381056,4563078679.9800005,4563078665.76,8.53816032409668,225045904,093057,093057,0,2/2,2,农产品加,20260818
13,603936,博敏电子,10.011507987976074,19.12,1871916320,12053209836.480001,12339053760.0,15.591690063476562,38358696,093104,142840,16,2/2,2,元件,20260818
14,001229,魅视科技,9.993425369262695,50.19,266312190,3701572978.95,7198857099.0,7.237887382507324,30539611,093109,111000,6,2/2,2,计算机设,20260818
15,300313,天山生物,20.03727912902832,12.88,187806822,2541903922.32,3088353442.7200003,7.637241840362549,98101679,093130,093130,0,2/2,2,养殖业,20260818
16,002743,富煌钢构,10.098522186279297,4.47,62818171,1942532271.6599998,1945650105.6,3.2784056663513184,19471767,093142,093142,0,1/1,1,专业工程,20260818
17,600371,万向德农,10.0,8.14,87294607,2381584920.0,2381584920.0,3.7012434005737305,14805154,093212,093333,2,1/1,1,种植业,20260818
18,002365,永安药业,9.971712112426758,15.55,340236880,3814235661.8500004,4582312812.8,9.040070533752441,164733590,093221,093221,0,1/1,1,化学制药,20260818
19,603708,家家悦,9.957173347473145,10.27,209247176,6555738192.25,6555738161.44,3.2167739868164062,14407351,093259,094602,3,1/1,1,一般零售,20260818
20,600367,红星发展,10.014389038085938,38.23,2109353040,12309034747.859999,13041434154.079998,17.510454177856445,93265908,093302,130556,5,1/1,1,化学原料,20260818
21,600353,旭光电子,9.991209983825684,37.54,2426645584,31113570908.86,31113570646.079998,7.850417613983154,129765306,093305,133020,10,3/3,3,其他电子,20260818
22,300684,中石科技,20.00494956970215,97.0,4847927808,19843792169.0,29052393952.0,24.549535751342773,89133882,093312,142703,7,3/3,3,电子化学,20260818
23,301106,骏成科技,20.0,21.18,116044806,3027909087.42,3027909087.42,3.961585521697998,94332415,093330,093330,0,1/1,1,光学光电,20260818
24,603071,物产环能,10.0,13.2,139507729,7364998634.4,7364998713.599999,1.9169758558273315,61071120,093526,094120,1,1/1,1,贸易Ⅱ,20260818
25,603580,艾艾精工,10.0,64.02,476193664,8365698263.999999,8365698263.999999,5.778369426727295,22816728,093535,094605,3,2/2,2,塑料,20260818
26,002124,天邦食品,10.132158279418945,2.5,258215622,4930421582.5,5554834600.0,5.336973190307617,51139997,093536,093536,0,1/1,1,养殖业,20260818
27,603823,百合花,10.001280784606934,85.9,1120552688,35765985773.600006,35765986460.8,3.1786246299743652,75160782,093552,103152,17,12/6,2,化学制品,20260818
28,600108,亚盛集团,9.876543045043945,3.56,295959392,6931017830.76,6931017827.2,4.376334190368652,132584364,093622,093725,1,1/1,1,种植业,20260818
29,600707,彩虹股份,9.979633331298828,10.8,3553079936,38746833105.600006,38754609062.4,9.315256118774414,74009160,093627,143442,6,1/1,1,光学光电,20260818
30,600227,赤天化,9.970674514770508,3.75,691861168,4790999261.25,6332728800.0,14.655324935913086,41691375,093755,093755,0,1/1,1,农化制品,20260818
31,600313,农发种业,10.064934730529785,6.78,627830912,7337306935.14,7874115503.04,8.755256652832031,100017170,093808,093905,1,2/2,2,种植业,20260818
32,603065,宿迁联盛,10.024301528930664,18.11,1120376736,7587502728.92,7587502656.48,15.121910095214844,8285325,093853,145114,2,1/1,1,化学制品,20260818
33,603406,天富龙,10.011164665222168,29.56,133239315,1735758145.24,11824295600.0,7.847148418426514,46491968,094034,095125,1,1/1,1,化学纤维,20260818
34,002638,勤上股份,10.0,3.85,91692621,5207818034.650001,5530888255.2,1.8103446960449219,42306872,094118,094118,0,1/1,1,照明设备,20260818
35,688112,鼎阳科技,20.003437042236328,69.83,331862560,11144650339.89,11144650339.89,3.1674084663391113,52731146,094214,094214,0,1/1,1,通用设备,20260818
36,301129,瑞纳智能,20.0,26.46,278797248,1785322350.0,3595051404.0,16.424266815185547,11990613,094412,095257,1,1/1,1,通用设备,20260818
37,603221,爱丽家居,10.011000633239746,30.0,939908336,7268100000.0,7268100000.0,13.351289749145508,25826940,094449,142040,7,24/13,2,家居用品,20260818
38,000735,罗 牛 山,9.964412689208984,6.18,706971856,7112546655.059999,7116353949.12,10.370805740356445,106127978,094521,094521,0,2/2,2,养殖业,20260818
39,605577,龙版传媒,10.0204496383667,10.76,118868379,4782222228.2,4782222260.48,2.5432424545288086,44135368,094713,095610,1,1/1,1,出版,20260818
40,000852,石化机械,10.076045989990234,5.79,162804627,5501998874.67,5533909133.76,3.0464282035827637,40268685,094806,094806,0,1/1,1,专用设备,20260818
41,601116,三江购物,10.0,11.77,278596848,6446174768.0,6446174768.0,4.414055347442627,106434250,094830,094830,0,1/1,1,一般零售,20260818
42,300970,华绿生物,20.0,21.66,230669295,2652930077.58,3437178831.0,9.087112426757812,26934426,094842,095618,1,1/1,1,种植业,20260818
43,603739,蔚蓝生物,10.039840698242188,13.81,129767698,3494328639.46,3494328639.46,3.8100554943084717,31283793,095355,095413,1,1/1,1,化学制品,20260818
44,002041,登海种业,9.988776206970215,9.8,448275760,8624000000.0,8624000000.0,5.371316909790039,59865240,095406,095654,1,1/1,1,种植业,20260818
45,001366,播恩集团,10.032626152038574,13.49,60022417,2167573200.0,2167573200.0,2.8765602111816406,47634431,095448,095448,0,1/1,1,饲料,20260818
46,600722,金牛化工,9.966216087341309,13.02,1598030880,8857762181.52,8857762233.6,18.761354446411133,63258425,100031,100031,0,1/1,1,化学原料,20260818
47,000019,深粮控股,9.952607154846191,6.96,370254384,2896796592.72,8021645326.08,13.110407829284668,12345306,100406,130009,2,1/1,1,农产品加,20260818
48,603400,华之杰,10.009140968322754,48.14,340278496,1744115810.5,6250019810.5,19.9439640045166,34233461,101114,130055,2,1/1,1,通用设备,20260818
49,000716,黑芝麻,10.03787899017334,5.81,576452144,4274557235.97,4374256318.88,13.969982147216797,27138527,101733,101733,0,1/1,1,休闲食品,20260818
50,000020,深华发Ａ,10.044053077697754,12.49,81038091,2262755733.59,3536683787.68,3.71020245552063,104071651,101739,101739,0,1/1,1,光学光电,20260818
51,000505,京粮控股,10.048623085021973,6.79,508426816,4293862481.44,4935992238.24,12.212677955627441,30318708,101933,105236,1,2/2,2,农产品加,20260818
52,920087,秋乐种业,29.975021362304688,15.61,468511136,2560760011.25,2578772000.0,19.888774871826172,17901719,101947,135917,3,1/1,1,种植业,20260818
53,300189,神农种业,20.038536071777344,6.23,2291043056,5521340141.52,6379520000.0,44.11602783203125,100179864,102103,130503,1,1/1,1,种植业,20260818
54,600598,北大荒,9.967320442199707,13.46,1348672496,23927571575.140003,23927571507.84,5.761879920959473,102389775,102225,131354,3,1/1,1,种植业,20260818
55,605268,王力安防,9.956709861755371,10.16,81393973,4475988000.0,4475988000.0,1.868707299232483,43363896,103109,103412,2,1/1,1,家居用品,20260818
56,000678,襄阳轴承,10.052355766296387,10.51,454335968,4830519986.47,4830519933.92,9.992947578430176,35890788,103857,103939,1,1/1,1,汽车零部,20260818
57,603280,南方路机,10.015060424804688,29.22,160333534,3167642809.74,3167642809.74,5.248626232147217,23180255,104954,110336,1,1/1,1,工程机械,20260818
58,002553,南方精工,9.98743724822998,17.51,424510656,4486230778.89,6188202656.320001,9.809626579284668,92113106,110600,110600,0,1/1,1,汽车零部,20260818
59,000597,东北制药,9.980039596557617,5.51,441210320,7764712590.87,7862374778.719999,5.8474931716918945,62369546,112418,112418,0,1/1,1,化学制药,20260818
60,000007,全新好,9.97177791595459,11.69,126807213,4049977634.3599997,4049977681.12,3.287419080734253,19618169,130045,130045,0,1/1,1,一般零售,20260818
61,600737,中粮糖业,9.992706298828125,15.08,1610815120,32253831278.24,32253831217.920002,5.207317352294922,72543078,130459,135556,2,1/1,1,农产品加,20260818
62,603112,华翔股份,10.013262748718262,16.59,320392224,8869122515.19,8957959758.72,3.7275004386901855,67466553,131231,131231,0,1/1,1,家电零部,20260818
63,600113,浙江东日,10.0,35.2,359215200,14482376832.000002,14825418291.2,2.627565860748291,91871894,133618,133618,0,1/1,1,一般零售,20260818
64,605333,沪光股份,10.023585319519043,18.66,100725791,8658993975.960001,8658993864.0,1.2214022874832153,20818962,134152,134152,0,1/1,1,汽车零部,20260818
65,003043,华亚智能,10.0,79.53,651033136,7477187438.82,11453123412.06,9.06067180633545,69843246,134857,134857,0,1/1,1,半导体,20260818
66,300598,诚迈科技,20.013874053955078,34.6,768504944,7505465735.0,7507568238.6,10.854410171508789,63411420,135248,140503,2,1/1,1,软件开发,20260818
67,600536,中国软件,9.993614196777344,34.45,1665230400,29063945582.750004,32168948094.4,6.001779556274414,190791644,140601,140855,1,1/1,1,IT服务Ⅱ,20260818
68,600354,敦煌种业,10.078740119934082,6.99,830720656,3689336539.2000003,3689336539.2000003,23.371610641479492,64843343,142532,142532,0,1/1,1,种植业,20260818
69,688152,麒麟信安,20.0,34.98,225672003,3564394698.4799995,3564394698.4799995,6.7923126220703125,55147054,142650,142650,0,1/1,1,软件开发,20260818
70,600359,新农开发,10.0,6.93,246587204,2643883842.6,2643883814.88,9.63263988494873,13185011,142658,142658,0,1/1,1,种植业,20260818
71,601702,华峰铝业,10.013175010681152,16.7,409830816,16675461020.0,16675461153.599998,2.5543441772460938,83546760,143001,143001,0,1/1,1,工业金属,20260818
72,002025,航天电器,10.006138801574707,71.68,1964882080,32533494712.320004,32544137543.680004,6.42111349105835,152452608,143500,143500,0,1/1,1,军工电子,20260818
73,002819,东方中科,9.995171546936035,22.78,184788333,5415751051.08,6825117986.88,3.6210193634033203,75902960,143918,143918,0,1/1,1,通用设备,20260818
74,000998,隆平高科,10.023866653442383,9.22,1022271728,12118865990.160002,13548311150.080002,8.710933685302734,180935806,144027,144027,0,1/1,1,种植业,20260818
75,601952,苏垦农发,9.964829444885254,9.38,557972544,12925640000.000002,12925640000.000002,4.489990711212158,97113297,144428,144428,0,1/1,1,种植业,20260818
76,600272,开开实业,9.984235763549805,20.93,1131763216,3348800000.0,5497305208.85,35.87782287597656,22156498,144813,144937,1,9/6,1,医药商业,20260818
77,002385,大北农,10.0977201461792,3.38,1049420944,12051770489.98,14467657251.84,8.991028785705566,27082334,145048,145048,0,1/1,1,饲料,20260818
78,000713,国投丰乐,9.98307991027832,6.5,297375904,3991097370.0,5188426568.0,7.715588092803955,3598140,145600,145600,0,1/1,1,种植业,20260818
79,605179,一鸣食品,10.0,38.61,1545436192,15482610000.0,15482610000.0,10.528051376342773,1471079,145659,150000,1,16/11,2,饮料乳品,20260818
1,002820,桂发祥,9.960552215576172,11.15,54115287,2239681489.25,2239681489.25,2.4162046909332275,128681157,092500,092500,0,2/2,2,休闲食品,20260817
2,300684,中石科技,19.99703025817871,80.83,293608912,16535811556.91,24209329929.28,1.7755942344665527,859713942,092500,092500,0,2/2,2,电子化学,20260817
3,603186,华正新材,10.002984046936035,184.31,862191184,28898060372.58,28898060372.58,2.988382339477539,413720657,092501,093104,1,10/5,2,元件,20260817
4,603330,天洋新材,10.018726348876953,11.75,139344883,4778880452.5,5083915364.0,2.9158477783203125,195724450,092503,092503,0,4/4,4,塑料,20260817
5,603079,圣达生物,9.99254322052002,14.75,75686642,2788186954.0,2788186954.0,2.714548110961914,72012450,093000,093000,0,2/2,2,化学制品,20260817
6,600127,金健米业,10.051107406616211,6.46,246088299,4145919588.28,4145919575.36,5.943018436431885,154848073,093000,093000,0,1/1,1,农产品加,20260817
7,002863,今飞凯达,9.911893844604492,4.99,215558164,2991422934.46,2991422924.48,7.251891136169434,23967618,093006,110554,6,1/1,1,汽车零部,20260817
8,603118,共进股份,10.022778511047363,19.32,2022067456,15210180163.92,15210180048.0,13.309046745300293,152696972,093022,095901,11,3/3,3,通信设备,20260817
9,600613,神奇制药,9.984399795532227,7.05,273824912,3379205844.9,3765205005.6,8.187995910644531,198510649,093028,093028,0,3/3,3,化学制药,20260817
10,603089,正裕工业,10.051281929016113,10.73,68333942,2575556965.64,2958467359.36,2.6791069507598877,28557701,093036,093036,0,2/2,2,汽车零部,20260817
11,002081,金 螳 螂,10.018903732299805,5.82,2782545568,15389496378.480001,15453983910.720001,18.26127815246582,116451140,093054,104212,9,4/4,4,装修装饰,20260817
12,600353,旭光电子,9.99033260345459,34.13,1107804176,28287324856.670002,28287324617.760002,3.9355640411376953,169626611,093056,094108,2,2/2,2,其他电子,20260817
13,000029,深深房Ａ,10.0,24.42,93949612,21774337200.0,24704737200.0,0.4377228915691376,47936460,093200,093212,1,1/1,1,房地产开,20260817
14,603102,百合股份,10.010136604309082,43.41,155893919,2778240000.0,2778240000.0,5.688117027282715,47715447,093207,093252,1,4/2,1,食品加工,20260817
15,603958,哈森股份,10.032787322998047,16.78,41870563,3680860800.0000005,3680860800.0000005,1.1649343967437744,43136346,093212,093212,0,1/1,1,服装家纺,20260817
16,002907,华森制药,10.026211738586426,16.79,312853552,5638362208.309999,7011442212.799999,5.621687889099121,85013377,093215,093215,0,2/2,2,中药Ⅱ,20260817
17,603929,亚翔集成,10.0,178.97,687591632,38185039200.0,38185039200.0,1.8162841796875,227757222,093230,093312,1,1/1,1,专业工程,20260817
18,002651,利君股份,10.011919021606445,9.23,282098304,5219229406.43,9538835800.0,5.553597450256348,59270684,093330,093330,0,2/2,2,航空装备,20260817
19,603790,雅运股份,9.992223739624023,28.29,197958155,5413574400.0,5413574400.0,3.7009875774383545,11726205,093404,134419,4,1/1,1,化学制品,20260817
20,603773,沃格光电,10.001052856445312,104.49,668613744,23476670362.17,23484820582.17,2.9213147163391113,208930889,093431,093431,0,10/5,1,光学光电,20260817
21,603095,越剑智能,9.973226547241211,16.43,160705246,4243362956.0,4243362956.0,3.9217050075531006,32279298,093448,093448,0,4/3,2,专用设备,20260817
22,600172,黄河旋风,10.0,13.64,1040317760,17502829013.12,19671396307.2,6.048698902130127,183945002,093457,093457,0,1/1,1,通用设备,20260817
23,600545,卓郎智能,9.954751014709473,4.86,298685168,8689253398.92,8689253408.640001,3.4980721473693848,34060338,093605,093620,1,1/1,1,专用设备,20260817
24,603657,春光科技,10.018832206726074,29.21,64921953,3948901360.5,3948901360.5,1.6790436506271362,74739627,093659,093659,0,1/1,1,家电零部,20260817
25,603823,百合花,10.001408576965332,78.09,1117028016,32514154005.36,32514154630.08,3.4877657890319824,56081895,093740,100931,4,1/1,1,化学制品,20260817
26,301127,武汉天源,19.97354507446289,18.14,1426388480,11871222027.62,12227725579.2,12.422547340393066,44423372,093751,112621,3,1/1,1,环境治理,20260817
27,001318,阳光乳业,9.973285675048828,12.35,85492446,3490851000.0,3490851000.0,2.508897542953491,24855610,093951,093951,0,1/1,1,饮料乳品,20260817
28,600313,农发种业,10.0,6.16,354317488,6666343764.08,7154063642.88,5.418190002441406,22581358,094002,094020,1,1/1,1,种植业,20260817
29,000505,京粮控股,9.98217487335205,6.17,140149063,3901786673.12,4485283079.5199995,3.683115243911743,31274804,094021,094021,0,1/1,1,农产品加,20260817
30,002229,鸿博股份,10.03184700012207,13.82,1367664688,6815418172.66,6857366364.16,20.60574722290039,145862512,094100,094100,0,5/3,1,IT服务Ⅱ,20260817
31,603011,合锻智能,10.020618438720703,26.68,2017907520,13190977179.16,13190977045.76,15.662933349609375,60763700,094241,142450,1,1/1,1,专用设备,20260817
32,300314,戴维医疗,20.032573699951172,14.74,376000048,2118748943.52,4245120000.0,18.464521408081055,35482422,094436,094436,0,1/1,1,医疗器械,20260817
33,002682,龙洲股份,9.913793563842773,5.1,465943072,2868079829.3999996,2868079819.2,16.68353843688965,46379415,094503,095424,3,4/2,1,物流,20260817
34,600222,太龙药业,9.950860023498535,8.95,556597808,5006300487.849999,5006300496.799999,11.394730567932129,30774843,094504,145140,2,1/1,1,中药Ⅱ,20260817
35,603936,博敏电子,10.0,17.38,1008764368,10956317309.519999,11216148240.0,9.450796127319336,112684968,094538,102547,1,1/1,1,元件,20260817
36,600206,有研新材,10.003938674926758,55.86,3736260832,47288469125.52,47288468902.08,8.130544662475586,653443074,094547,094547,0,1/1,1,半导体,20260817
37,603002,宏昌电子,10.006254196166992,17.59,1033266080,19948440973.31,19948441026.079998,5.316739559173584,160750559,094637,094637,0,1/1,1,电子化学,20260817
38,002838,道恩股份,9.991909980773926,27.19,388657376,11436976575.560001,13007652496.0,3.4862077236175537,36633087,094657,095842,2,1/1,1,塑料,20260817
39,300313,天山生物,20.022371292114258,10.73,253011159,2117595425.97,2572828605.62,12.629347801208496,39412030,094800,094800,0,1/1,1,养殖业,20260817
40,002172,澳洋健康,9.911893844604492,4.99,980026096,3818052242.7000003,3821004516.32,26.855724334716797,54413839,094915,094915,0,4/4,4,医疗服务,20260817
41,002469,三维化学,9.930313110351562,6.31,95160322,3965222368.41,4094323157.4399996,2.453873872756958,27679288,094933,094933,0,1/1,1,化学原料,20260817
42,002742,冀衡医药,10.070257186889648,4.7,121754246,2462429278.1,3215279625.6,5.125017166137695,38205360,095015,095039,1,1/1,1,化学制药,20260817
43,603580,艾艾精工,9.998109817504883,58.2,531245232,7605180240.0,7605180240.0,7.185100078582764,36898800,095133,100209,2,1/1,1,塑料,20260817
44,603389,亚振家居,10.011402130126953,48.24,126785814,12675156480.0,12675156480.0,1.0342756509780884,37500811,095144,095144,0,1/1,1,家居用品,20260817
45,603395,红四方,10.009182929992676,23.96,116992722,1557400000.0,6229600000.0,7.709615230560303,37527110,095229,095302,1,1/1,1,农化制品,20260817
46,002165,红 宝 丽,10.030863761901855,7.13,560270704,5187675317.48,5242473959.2,11.037670135498047,77869275,095309,095309,0,1/1,1,化学制品,20260817
47,000735,罗 牛 山,9.980430603027344,5.62,480537104,6468044045.54,6471506342.08,7.65885066986084,41790314,095436,095436,0,1/1,1,养殖业,20260817
48,002437,誉衡药业,9.933774948120117,4.98,2964663728,10458766177.980001,11104743277.44,29.858930587768555,115869784,095709,103839,5,7/5,1,化学制药,20260817
49,603916,苏博特,10.045248985290527,12.16,348226752,5111185938.56,5111185950.72,6.9045515060424805,19277868,095717,101120,6,1/1,1,水泥,20260817
50,601700,风范股份,10.060976028442383,7.22,1289058736,8221827706.0,8221827677.12,16.32317543029785,69298253,095804,100649,3,11/7,1,电网设备,20260817
51,002448,中原内配,10.008070945739746,13.63,522241808,7912344594.040001,8020023502.240001,6.710546016693115,89481522,095839,100303,1,1/1,1,汽车零部,20260817
52,601366,利群股份,10.0,3.85,104989725,3695003285.05,3695003312.0,2.9326305389404297,27422541,100005,100005,0,1/1,1,一般零售,20260817
53,002476,新叶股份,10.087719917297363,5.02,84104862,3072239999.9999995,3072239999.9999995,2.818192720413208,27749556,100445,100445,0,1/1,1,炼化及贸,20260817
54,002028,思源电气,10.0,183.15,2376629792,111863470737.15001,143328296232.0,2.1689252853393555,121868010,100454,100521,1,1/1,1,电网设备,20260817
55,603721,中广天择,10.016602516174316,19.88,177368555,2584400000.0,2584400000.0,7.0970001220703125,43131648,100529,103941,1,1/1,1,影视院线,20260817
56,600824,益民集团,9.887005805969238,3.89,130838825,4100165313.9700003,4100165310.08,3.248866319656372,33270699,100608,100608,0,1/1,1,一般零售,20260817
57,000779,甘咨询,10.041407585144043,10.63,1058854576,4940537043.150001,4941137117.280001,22.175004959106445,51018089,100712,101409,1,1/1,1,工程咨询,20260817
58,603285,键邦股份,10.0,37.07,288325408,2309341634.6,5931200000.0,12.85172176361084,22390280,100832,100832,0,1/1,1,化学制品,20260817
59,001229,魅视科技,10.00482177734375,45.63,218885172,3365267484.15,6544806723.0,6.801244735717773,38535447,101018,101018,0,1/1,1,计算机设,20260817
60,000520,凤凰航运,9.895833969116211,4.22,107119866,4270992180.1,4270992184.3199997,2.5986690521240234,13944568,101218,101218,0,1/1,1,航运港口,20260817
61,603082,北自科技,10.012453079223633,44.17,211372436,1791398273.0,7357534224.530001,12.180728912353516,14134400,101649,101649,0,1/1,1,自动化设,20260817
62,001356,富岭股份,10.0578031539917,9.52,108978576,2015350680.0,5610326400.0,5.599661350250244,31834889,102157,102157,0,1/1,1,家居用品,20260817
63,002668,TCL智家,9.959349632263184,10.82,610794256,11730085650.960001,11730085607.68,5.334630966186523,25020168,102306,103309,2,1/1,1,白色家电,20260817
64,603880,南卫股份,9.950248718261719,8.84,173300238,2555131280.0,2555131280.0,6.947406768798828,13244972,102526,110405,2,1/1,1,医疗器械,20260817
65,605179,一鸣食品,9.996866226196289,35.1,1096826032,14075100000.0,14075100000.0,8.089679718017578,67132260,102846,102846,0,15/10,1,饮料乳品,20260817
66,000564,供销大集,10.0,1.54,959527744,23246114468.5,27809417574.4,4.203622817993164,47307238,103051,111142,7,1/1,1,一般零售,20260817
67,300570,太辰光,20.0,193.8,4508005632,37246964252.4,44017186824.600006,12.703033447265625,343276583,103554,103554,0,1/1,1,通信设备,20260817
68,600330,天通股份,10.00800609588623,27.48,3022009392,33894777751.68,33894777751.68,9.283153533935547,159833380,104109,104109,0,1/1,1,电子化学,20260817
69,301626,苏州天脉,20.0,307.08,1234891872,16158241905.839998,35523014400.0,8.199426651000977,55108576,104233,105848,1,1/1,1,消费电子,20260817
70,000670,盈方微,10.072992324829102,7.54,600870848,6261593580.58,6378421379.2,9.86158275604248,80591893,104400,104400,0,1/1,1,其他电子,20260817
71,605060,联德股份,10.002288818359375,48.06,224813850,11480765040.0,11562851520.0,2.0093016624450684,15595470,104851,104851,0,1/1,1,通用设备,20260817
72,002353,杰瑞股份,10.000662803649902,166.09,3390936160,114779893531.85,170052216465.6,3.0499441623687744,56987970,105627,105821,1,1/1,1,专用设备,20260817
73,002156,通富微电,10.006353378295898,69.26,9941401344,105098740895.72,105108762125.12001,9.728431701660156,497362986,110009,131139,1,1/1,1,半导体,20260817
74,000026,飞亚达,9.990439414978027,23.01,394711440,8388542466.330001,9336629640.0,4.843449115753174,66623913,110351,110351,0,1/1,1,饰品,20260817
75,001358,兴欣新材,10.007819175720215,28.14,140605741,1434473307.1200001,3466848000.0,10.181769371032715,61849468,110409,110409,0,1/1,1,化学制品,20260817
76,000737,北方铜业,10.00735855102539,14.95,2020297264,28472861937.0,28475510658.399998,7.253523349761963,40748886,110545,111139,1,1/1,1,工业金属,20260817
77,300345,华民股份,19.94609260559082,8.9,1077370416,4276003451.4,5173859926.400001,26.913867950439453,43502203,110927,130357,3,1/1,1,光伏设备,20260817
78,603458,勘设股份,9.989372253417969,10.35,186867552,3168388719.9,3168388699.2,6.079346656799316,20436075,111426,111426,0,1/1,1,工程咨询,20260817
79,603703,盛洋科技,10.051281929016113,10.73,258410604,4452758147.6,4452758233.440001,6.028276443481445,14597639,111805,111805,0,1/1,1,光学光电,20260817
80,688503,聚和材料,20.00501823425293,95.68,2540248432,23157778962.24,23157778962.24,11.931352615356445,63082493,112639,143357,3,1/1,1,光伏设备,20260817
81,688003,天准科技,20.0,94.8,1100106416,18465363556.8,18465363556.8,6.266201972961426,29872996,130019,144849,4,1/1,1,自动化设,20260817
82,002258,利尔化学,10.014727592468262,14.94,630495296,11939278515.3,11958532246.08,5.448285102844238,27444974,130130,130130,0,1/1,1,农化制品,20260817
83,301516,中远通,20.0,19.32,347567392,1355789481.48,5423158003.2,27.75574493408203,9843868,130157,130157,0,1/1,1,其他电源,20260817
84,000551,创元科技,10.0,15.51,517614128,7515327103.0199995,7518209450.4,7.191174030303955,87658440,130218,130218,0,1/1,1,环保设备,20260817
85,603286,日盈电子,10.011919021606445,46.15,214585029,5394206799.15,5445407916.65,4.122583866119385,56201470,130331,130331,0,1/1,1,汽车零部,20260817
86,600459,贵研铂业,10.009578704833984,22.97,1102668464,17450452746.26,18910698232.64,6.552525520324707,112117075,130542,131042,1,1/1,1,小金属,20260817
87,688677,海泰新光,20.0,89.76,1305941536,10760159520.0,10760159520.0,13.055632591247559,2539130,130627,140654,2,1/1,1,医疗器械,20260817
88,003031,中瓷电子,10.001537322998047,143.09,2387348160,48673021630.64,64541154309.76,5.057063102722168,118947712,132127,133239,1,2/2,2,通信设备,20260817
89,000811,冰轮环境,10.002439498901367,45.09,1860985728,44115861256.29,44750832298.560005,4.375233173370361,131739453,133015,133015,0,1/1,1,通用设备,20260817
90,002436,兴森科技,9.994256973266602,38.3,5719406848,58136735507.299995,65097497654.399994,10.167678833007812,209520150,133336,135121,1,1/1,1,元件,20260817
91,605180,华生科技,10.007880210876465,13.96,74630330,2359240000.0,2359240000.0,3.2595176696777344,37139184,133520,133520,0,1/1,1,纺织制造,20260817
92,603067,振华股份,10.0,36.52,1422471200,27591787754.08,27591787900.160004,5.340958118438721,121896857,133821,133821,0,1/1,1,化学原料,20260817
93,301282,金禄电子,19.99317741394043,35.17,1125432240,6210243863.75,7418544383.75,19.552169799804688,106344373,133854,133854,0,1/1,1,元件,20260817
94,600860,京城股份,10.035005569458008,9.43,245870679,4187304630.8399997,5162792829.12,6.18730354309082,8012671,134510,134510,0,1/1,1,通用设备,20260817
95,603110,东方材料,9.992070198059082,27.74,436453024,5582029545.679999,5582029545.679999,8.103569984436035,58187424,135207,135207,0,1/1,1,化学制品,20260817
96,002289,宇顺电子,9.991920471191406,40.84,272972176,11207771555.720001,11445562251.52,2.5420737266540527,66381336,135751,135751,0,1/1,1,光学光电,20260817
97,002478,常宝股份,9.935897827148438,6.86,189685326,4957886214.68,6179516976.64,4.016652584075928,31878077,135857,135857,0,1/1,1,特钢Ⅱ,20260817
98,300679,电连技术,20.004690170288086,51.17,1774712448,18392613623.65,21738039400.0,10.35973834991455,82107023,140818,141136,1,1/1,1,消费电子,20260817
99,001207,联科科技,9.987358093261719,17.4,233812764,5091624400.799999,5274596745.599999,4.747913837432861,48496932,141151,141151,0,1/1,1,橡胶,20260817
100,600281,华阳新材,9.977324485778809,4.85,76973117,2494849821.25,2494849855.2,3.2180278301239014,24559915,142130,142130,0,1/1,1,小金属,20260817
101,002787,华源控股,10.023309707641602,23.6,356312464,5854764416.8,7844609792.0,6.350005149841309,70922720,142154,142154,0,1/1,1,包装印刷,20260817
102,002578,闽发铝业,9.970674514770508,3.75,202160693,3229359603.75,3519863160.0,6.500154972076416,59791875,143554,143554,0,1/1,1,工业金属,20260817
103,688378,奥来德,19.990468978881836,50.36,736527024,12134774355.56,13165371259.039999,6.501676559448242,46579776,144223,144223,0,1/1,1,光学光电,20260817
104,605162,新中港,10.046189308166504,9.53,280452096,4220325343.83,4220325277.12,7.002942085266113,78736078,144739,144739,0,1/1,1,电力,20260817
105,603530,神马电力,9.99787712097168,51.82,394648176,22151224588.68,22355375178.88,1.8411468267440796,112465464,144931,144931,0,1/1,1,电网设备,20260817
106,603010,万盛股份,10.035523414611816,12.39,162157022,7071943050.27,7248525268.320001,2.3945794105529785,59365446,145338,145338,0,1/1,1,化学制品,20260817
1,000936,华西股份,9.936908721923828,6.97,951168432,6174634738.889999,6175509773.599999,15.45145320892334,43942490,092500,105703,7,3/3,3,化学纤维,20260814
2,002172,澳洋健康,9.927360534667969,4.54,86716415,3473738914.2,3476424950.72,2.496342420578003,136260236,092500,092500,0,3/3,3,医疗服务,20260814
3,001260,坤泰股份,9.985734939575195,23.13,29927907,2659950000.0,2659950000.0,1.1251304149627686,336990222,092500,092500,0,3/3,3,汽车零部,20260814
4,002907,华森制药,10.021629333496094,15.26,82440807,5124562674.14,6372519843.2,1.6087384223937988,131789754,092500,092500,0,1/1,1,中药Ⅱ,20260814
5,300684,中石科技,20.007125854492188,67.36,286464768,13780183922.72,20174940789.76,2.0788166522979736,1043006079,092500,092500,0,1/1,1,电子化学,20260814
6,600613,神奇制药,9.948541641235352,6.41,80085303,3072441058.98,3423399161.12,2.606569290161133,149224114,092501,092501,0,2/2,2,化学制药,20260814
7,002724,海洋王,10.064934730529785,6.78,133662850,3849515191.56,5230756440.0,3.474034070968628,100147380,093000,093000,0,2/2,2,照明设备,20260814
8,600645,中源协和,10.0,22.33,998376160,10445307784.449999,10449298847.679998,9.664213180541992,36212985,093004,130131,2,1/1,1,生物制品,20260814
9,603025,大豪科技,10.0,15.18,315161424,16837273054.14,16950819378.24,1.8822494745254517,41358517,093044,093556,1,1/1,1,自动化设,20260814
10,603330,天洋新材,9.989701271057129,10.68,268205504,4343697296.4,4620954560.64,6.239995956420898,93635436,093047,093047,0,3/3,3,塑料,20260814
11,002418,康盛股份,10.0,4.07,327087280,4625135944.66,4625148000.0,7.112495422363281,32913683,093100,093133,1,1/1,1,家电零部,20260814
12,002322,理工能科,10.033726692199707,13.05,322804112,4585521123.45,4770139982.400001,7.146337985992432,39990420,093130,100745,1,2/2,2,软件开发,20260814
13,603118,共进股份,10.025062561035156,17.56,1949605840,13824573689.359999,13824573583.999998,14.306023597717285,92147856,093244,095220,6,2/2,2,通信设备,20260814
14,002951,金时科技,10.006064414978027,18.14,292007984,7276351157.16,7311579218.56,4.059518814086914,40624530,093330,093700,2,1/1,1,其他电源,20260814
15,603725,天安新材,9.982014656066895,12.23,382505872,3728409426.4,3728409426.4,10.377007484436035,54258150,093452,112117,1,1/1,1,家居用品,20260814
16,300404,博济医药,20.0,17.34,1320038768,4950840712.08,6688886688.96,27.531600952148438,73662452,093518,094403,5,2/2,2,医疗服务,20260814
17,603989,艾华集团,10.003334045410156,32.99,1385909312,13155747581.400002,13155747449.44,10.679523468017578,181963800,093530,095812,3,1/1,1,元件,20260814
18,603095,越剑智能,10.014727592468262,14.94,119247990,3858541848.0,3858541848.0,3.1818652153015137,46371190,093542,093542,0,3/2,1,专用设备,20260814
19,600198,大唐电信,9.957924842834473,7.84,416085824,10207286463.36,10220251722.24,4.127470970153809,89303872,093623,095429,1,1/1,1,通信设备,20260814
20,603186,华正新材,9.998686790466309,167.55,1538855232,26270251290.9,26270251290.9,6.021432876586914,382164795,093730,093730,0,1/1,1,元件,20260814
21,002774,快意电梯,10.031347274780273,17.55,192939695,4945031646.75,5908872715.2,3.9952523708343506,39743730,093827,093827,0,1/1,1,专用设备,20260814
22,600288,大恒科技,9.983360290527344,13.22,638464912,5774496000.0,5774496000.0,11.26071834564209,88612258,094135,100138,1,1/1,1,软件开发,20260814
23,600272,开开实业,10.0,17.6,765437952,2816000000.0,4622674232.0,28.152097702026367,28960448,094400,094509,1,7/5,1,医药商业,20260814
24,603382,海阳科技,9.978991508483887,20.94,143352481,2418274452.84,3795403645.92,6.053785800933838,26683486,094438,094438,0,1/1,1,化学纤维,20260814
25,002651,利君股份,9.960680961608887,8.39,146682212,4744239947.990001,8670729400.0,3.1547133922576904,61353074,094500,094500,0,1/1,1,航空装备,20260814
26,000950,重药控股,9.965035438537598,6.29,370880608,10773374223.84,10773374223.84,3.5107946395874023,36496448,094630,094630,0,1/1,1,医药商业,20260814
27,601609,金田股份,10.050251007080078,10.95,636052608,18928588213.35,18928588202.399998,3.424924612045288,59572850,094731,094828,1,1/1,1,工业金属,20260814
28,000831,中国稀土,9.99819564819336,60.95,5416567552,64681408186.65,64681407760.0,8.536320686340332,99880776,095321,140918,1,1/1,1,小金属,20260814
29,301130,西点药业,19.992219924926758,30.85,319398208,1820685556.0,2359861032.25,17.97522735595703,8101981,095548,142627,10,1/1,1,化学制药,20260814
30,600186,莲花控股,9.972553253173828,12.02,3518677936,21505442257.82,21549030972.8,16.884313583374023,198537753,100256,111014,2,1/1,1,调味发酵,20260814
31,300862,蓝盾光电,19.994924545288086,47.29,3494569136,7163063921.03,8730580585.58,51.68534851074219,31282287,101357,130951,5,5/5,5,通用设备,20260814
32,603089,正裕工业,10.045146942138672,9.75,58832130,2340324363.0,2688262512.0,2.576307535171509,13255125,101502,101553,1,1/1,1,汽车零部,20260814
33,688662,富信科技,20.0,98.4,1687193488,11287035369.6,11287035369.6,15.519938468933105,98358180,101547,130120,1,1/1,1,其他电子,20260814
34,002081,金 螳 螂,9.979209899902344,5.29,2648471264,13988047395.56,14046662351.84,19.718482971191406,93738440,101648,110906,1,3/3,3,装修装饰,20260814
35,002811,郑中设计,10.02921199798584,11.3,93690499,3193232625.4,3480061000.0,3.0483005046844482,50357320,102227,102227,0,1/1,1,装修装饰,20260814
36,002658,雪迪龙,10.026738166809082,8.23,183961901,2950961136.77,5232312437.440001,6.40809440612793,85697895,102433,102433,0,1/1,1,环保设备,20260814
37,301419,阿莱德,20.0,37.62,437866176,3730333364.9999995,5643000000.0,12.307891845703125,166475572,103142,103142,0,1/1,1,通信设备,20260814
38,603618,杭电股份,10.018416404724121,29.87,3281343152,20651389649.920002,20651389649.920002,16.374359130859375,152178689,103542,130845,2,1/1,1,电网设备,20260814
39,603083,剑桥科技,10.0,185.9,7130649344,51231878540.700005,68457743411.200005,14.435185432434082,308142820,104111,134017,1,1/1,1,通信设备,20260814
40,603079,圣达生物,10.008203506469727,13.41,116588443,2534887257.84,2534887257.84,4.73806095123291,67033385,104402,104641,1,1/1,1,化学制品,20260814
41,688485,九州一轨,20.00665855407715,72.1,1278614816,10836057670.199999,10836057670.199999,12.252981185913086,1875393,104558,145301,2,1/1,1,轨交设备,20260814
42,603177,德创环保,10.0,10.23,96993120,2088884160.0,2088884160.0,4.789756774902344,39937920,110157,110157,0,1/1,1,环境治理,20260814
43,002820,桂发祥,9.978307723999023,10.14,133831257,2036804511.3000002,2036804511.3000002,6.880239486694336,34831711,110724,110724,0,1/1,1,休闲食品,20260814
44,300929,华骐环保,19.97146987915039,16.82,201531334,2108561103.82,2222476319.92,10.33465576171875,42214751,131227,131227,0,1/1,1,环境治理,20260814
45,002766,索菱股份,10.024450302124023,4.5,314007472,3856401405.0,3869306208.0,8.475851058959961,128417400,131618,131618,0,1/1,1,汽车零部,20260814
46,000620,盈新发展,10.181818008422852,3.03,1582394880,14155398909.449999,17791599959.039997,11.621870040893555,120398913,133400,133400,0,1/1,1,房地产开,20260814
47,600353,旭光电子,9.996455192565918,31.03,2071321648,25718010263.77,25718010046.56,8.366385459899902,224740981,133952,133952,0,1/1,1,其他电子,20260814
48,603881,数据港,10.0,29.04,2801935888,25034001666.96,25034001696.0,11.826971054077148,219449326,134420,134420,0,1/1,1,通信服务,20260814
49,600769,祥龙电业,9.993337631225586,16.51,311436784,6190873572.000001,6190873572.000001,5.263253211975098,31218759,135138,135138,0,1/1,1,环境治理,20260814
50,688286,敏芯股份,20.008962631225586,53.56,615181952,4194472184.76,4194472184.76,15.568446159362793,93812214,135140,135140,0,1/1,1,半导体,20260814
51,920083,金戈新材,29.974571228027344,40.89,327160848,1554769547.58,3650228791.86,23.33405303955078,17181773,135254,135254,0,1/1,1,非金属材,20260814
52,002989,中天精装,10.02169132232666,25.36,233359651,5017094788.48,5113012648.48,4.849835395812988,80256792,135630,135630,0,1/1,1,装修装饰,20260814
53,002645,华宏科技,9.984639167785645,21.48,1049041072,14610985679.28,16177026879.36,7.395096778869629,89854706,135648,135648,0,1/1,1,环保设备,20260814
54,600487,亨通光电,10.008733749389648,62.98,19196727552,154530641265.86,155333384282.88,12.971772193908691,844234933,135906,144909,1,1/1,1,通信设备,20260814
55,300017,网宿科技,20.013851165771484,17.33,7662499072,41010918219.99,43250217306.71999,20.30423927307129,258819494,141454,141454,0,1/1,1,IT服务Ⅱ,20260814
56,603629,利通电子,10.0,137.5,8869939456,49599467500.0,50425100000.0,18.828998565673828,303949250,141943,142025,1,1/1,1,消费电子,20260814
57,600815,厦工股份,9.944750785827637,3.98,429874256,7060896030.4,7060896030.4,6.415205001831055,26070194,142019,142019,0,1/1,1,工程机械,20260814
58,002628,成都路桥,10.099010467529297,5.56,291031616,4191043499.12,4209478312.9599996,7.267792701721191,31730263,142109,142109,0,1/1,1,基础建设,20260814
59,003031,中瓷电子,10.004228591918945,130.08,1631796080,44247583015.68001,58672956549.12,3.8439314365386963,161724561,142630,142630,0,1/1,1,通信设备,20260814
60,603115,海星股份,10.00257396697998,85.45,1370645136,20899583170.0,20899583170.0,6.817030429840088,110093780,142648,142648,0,1/1,1,元件,20260814
61,002988,豪美新材,10.009443283081055,23.3,134563035,5820444756.8,5820444756.8,2.4202754497528076,56458230,143409,143409,0,1/1,1,工业金属,20260814
62,600829,人民同泰,10.04651165008545,11.83,565271888,6860082102.51,6860082043.36,8.787772178649902,62722660,144204,144204,0,1/1,1,医药商业,20260814
63,300120,经纬辉开,19.94818687438965,9.26,903252368,4884159238.5199995,5318887847.36,20.489761352539062,27958718,145354,145527,1,1/1,1,光学光电,20260814
1,002329,皇氏集团,10.0,4.62,719355840,3010359308.88,3845706406.08,24.268428802490234,55585530,092500,102530,4,4/4,4,饮料乳品,20260813
2,605286,同力天启,10.003227233886719,34.09,77650202,5727120000.000001,5727120000.000001,1.3558332920074463,91146433,092500,092500,0,4/4,4,专用设备,20260813
3,000802,北京文化,10.017574310302734,6.26,851181584,4479305471.3,4481535602.559999,19.00722885131836,167948914,092500,093012,1,4/4,4,影视院线,20260813
4,300862,蓝盾光电,20.00609016418457,39.41,410157808,5969472385.87,7275791517.82,6.870922088623047,1038104524,092500,092500,0,4/4,4,通用设备,20260813
5,002172,澳洋健康,10.133333206176758,4.13,96348778,3160031214.9,3162474679.84,3.0489819049835205,100492390,092500,092500,0,2/2,2,医疗服务,20260813
6,300333,兆日科技,19.954904556274414,10.64,33540153,3562059912.88,3575040000.0,0.9415943026542664,181695343,092500,092500,0,2/2,2,计算机设,20260813
7,001260,坤泰股份,9.98953914642334,21.03,40159918,2418450000.0,2418450000.0,1.6605643033981323,292252879,092500,092500,0,2/2,2,汽车零部,20260813
8,002081,金 螳 螂,10.068650245666504,4.81,131250864,12718810580.839998,12772106977.759998,1.0319429636001587,314696741,092500,092500,0,2/2,2,装修装饰,20260813
9,002322,理工能科,10.018552780151367,11.86,63711374,4167377817.9399996,4335161700.48,1.528812050819397,78142527,092500,092500,0,1/1,1,软件开发,20260813
10,002575,群兴玩具,9.94575023651123,6.08,132855788,3552699040.0,3748320000.0,3.7395734786987305,119163859,092500,092500,0,1/1,1,综合Ⅱ,20260813
11,603887,城地香江,10.044053077697754,12.49,228054748,7519347468.29,7519347505.76,3.0329060554504395,271131671,092501,092501,0,3/3,3,IT服务Ⅱ,20260813
12,600683,京投发展,10.042552947998047,12.93,24367878,9578254329.21,9578254368.0,0.2544083297252655,164111439,092502,092502,0,4/4,4,房地产开,20260813
13,603758,秦安股份,10.035842895507812,15.35,76897943,6648331352.15,6648331336.8,1.1566503047943115,179320235,092503,092503,0,5/5,5,汽车零部,20260813
14,603236,移远通信,9.994447708129883,59.43,528639712,23947484131.41,23947483953.12,2.207495927810669,334783096,092503,092503,0,1/1,1,通信设备,20260813
15,000936,华西股份,10.06944465637207,6.34,164090241,5616525716.58,5617321659.2,2.9228405952453613,128980490,093000,093000,0,2/2,2,化学纤维,20260813
16,000887,中鼎股份,9.981430053710938,23.69,1823019824,31137439703.52,31187642035.36,5.857362270355225,358524270,093000,143642,1,2/2,2,汽车零部,20260813
17,002174,游族网络,10.032894134521484,13.38,413420400,13102485981.960001,13109870644.800001,3.183117151260376,157483938,093118,093118,0,1/1,1,游戏Ⅱ,20260813
18,600800,渤海化学,10.0,3.74,84934146,4150391007.84,4151569107.84,2.0694580078125,53830942,093140,093331,2,1/1,1,炼化及贸,20260813
19,600821,金开新能,10.0,7.15,551932544,14066373413.95,14066373464.0,3.9969160556793213,94058250,093419,093419,0,1/1,1,电力,20260813
20,603118,共进股份,9.993108749389648,15.96,1724498048,12564931439.76,12564931344.0,13.890349388122559,89279234,093518,143606,4,1/1,1,通信设备,20260813
21,603912,佳力图,10.024752616882324,8.89,320037216,4821280718.1,4821280700.320001,6.709406852722168,59252543,093558,094334,1,1/1,1,通用设备,20260813
22,600881,亚泰集团,10.194174766540527,2.27,639190464,7336982742.76,7336982751.84,8.891862869262695,100036670,093626,094056,1,3/3,3,综合Ⅱ,20260813
23,000692,惠天热电,9.909910202026367,4.88,211175964,2600224922.88,2600224922.88,8.545989036560059,29426400,093654,093654,0,6/3,2,电力,20260813
24,600726,华电能源,10.032362937927246,6.8,955907808,50832286214.4,53769886105.6,1.9281272888183594,119053713,093804,093904,1,1/1,1,电力,20260813
25,603956,威派格,10.055096626281738,7.99,281289344,4553551225.14,4553551241.12,6.309895992279053,75903402,094030,094230,1,1/1,1,专用设备,20260813
26,000972,中基健康,10.086455345153809,3.82,60160346,2946303271.7799997,2946303290.88,2.0872278213500977,11397940,094224,094224,0,1/1,1,农产品加,20260813
27,603466,风语筑,10.02405834197998,13.72,1919907936,8161046910.240001,8161046965.120001,24.011913299560547,10245615,094849,144707,28,2/2,2,数字媒体,20260813
28,605179,一鸣食品,10.003290176391602,33.43,853829920,13405430000.0,13405430000.0,6.478780746459961,34526504,094859,143035,9,13/9,4,饮料乳品,20260813
29,002437,誉衡药业,10.10362720489502,4.25,1954086352,8925653866.75,9476939544.0,22.89737319946289,68343565,095136,095154,1,5/4,2,化学制药,20260813
30,601999,出版传媒,9.95106029510498,6.74,204019781,3713165078.0,3713165104.96,5.553574085235596,13055380,095307,142119,2,1/1,1,出版,20260813
31,601579,会稽山,10.025219917297363,17.45,325595200,8366636487.049999,8366636469.599999,4.011416912078857,69933876,095541,095541,0,1/1,1,非白酒,20260813
32,300404,博济医药,20.016611099243164,14.45,822925504,4125700593.3999996,5574072240.8,21.429893493652344,94091247,095733,095733,0,1/1,1,医疗服务,20260813
33,603261,立航科技,10.009587287902832,57.37,162719393,4446463112.139999,4446463112.139999,3.768465518951416,72905796,100110,112819,1,1/1,1,航空装备,20260813
34,002219,新里程,10.132158279418945,2.5,599082640,8179678550.0,8629804400.0,7.555253505706787,63616952,100245,100245,0,1/1,1,医疗服务,20260813
35,600613,神奇制药,10.0,5.83,131927351,2794435471.7400002,3113637614.56,4.874977111816406,101291352,100435,100435,0,1/1,1,化学制药,20260813
36,601886,江河集团,10.019083976745605,11.53,499265088,13063513751.8,13063513797.92,4.0250067710876465,11568890,101014,132556,3,4/3,2,装修装饰,20260813
37,603330,天洋新材,9.966024398803711,9.71,631392224,3949185463.3,4201261122.0800004,16.617544174194336,46783168,101437,130643,7,2/2,2,塑料,20260813
38,002706,良信股份,10.022026062011719,9.99,669327440,9134668088.1,11220018989.76,7.489111423492432,47013139,101748,102848,1,1/1,1,电网设备,20260813
39,002066,瑞泰科技,9.979939460754395,21.93,220075324,5065830000.0,5151510510.0,4.4405646324157715,74024715,103006,103006,0,1/1,1,装修建材,20260813
40,002396,星网锐捷,9.98641300201416,32.38,3500496320,24525101132.280003,24626750435.84,14.67238712310791,45707608,103224,144151,3,1/1,1,通信设备,20260813
41,688265,南模生物,20.009157180786133,52.42,288832128,4086847351.46,4086847351.46,7.6258697509765625,31725108,103526,103526,0,1/1,1,医疗服务,20260813
42,002644,佛慈制药,10.0,8.8,221910328,4493781600.0,4493781670.400001,5.032919406890869,15894560,103618,103739,1,1/1,1,中药Ⅱ,20260813
43,000593,德龙汇能,10.011872291564941,27.8,978570816,9965832098.2,9969942022.4,10.249475479125977,55467644,104218,104218,0,10/6,2,燃气Ⅱ,20260813
44,601026,道生天合,9.986772537231445,16.63,215261794,1847355024.6999998,10965822000.0,12.047411918640137,40857648,104340,104507,1,1/1,1,风电设备,20260813
45,301520,万邦医药,20.0,88.68,1276425648,2899697925.2400002,8262437357.64,49.284812927246094,29576730,104445,105739,5,3/2,1,医疗服务,20260813
46,300534,陇神戎发,19.97463607788086,18.92,1730725296,5714814152.960001,5739287551.360001,34.107261657714844,17417600,105515,105515,0,1/1,1,中药Ⅱ,20260813
47,300937,药易购,19.984859466552734,31.7,553077440,2056194569.3999999,3032633819.4,29.427255630493164,63729680,111318,111318,0,1/1,1,医药商业,20260813
48,688137,近岸蛋白,20.00749969482422,64.0,425013696,4474716992.0,4474716992.0,10.416213035583496,43492864,111637,111637,0,1/1,1,生物制品,20260813
49,002921,联诚精密,10.00446605682373,24.63,223844508,3163554291.9,3669134228.0099998,7.310558319091797,65391418,112109,112109,0,1/1,1,汽车零部,20260813
50,603903,中持股份,9.992254257202148,14.2,224510630,3625536616.0,3625536616.0,6.3573760986328125,18843400,130015,130015,0,1/1,1,环境治理,20260813
51,301060,兰卫医学,19.95987892150879,11.96,426154368,4307590227.72,4790183415.68,10.651450157165527,50473627,130412,130412,0,1/1,1,医疗服务,20260813
52,000695,滨海能源,10.015290260314941,14.39,238451984,3191862290.21,3334913280.21,7.716381072998047,17070857,130415,130415,0,1/1,1,电池,20260813
53,603890,春秋电子,10.005379676818848,20.45,768265952,9137707508.35,9137707528.8,8.73945426940918,45793480,130526,130556,1,1/1,1,消费电子,20260813
54,002543,万和电气,10.060060501098633,7.33,141613930,4849660680.33,5450588000.0,3.03629732131958,20987285,132533,132600,1,1/1,1,厨卫电器,20260813
55,603998,方盛制药,10.010213851928711,10.77,414457088,4728906247.2,4728906247.2,9.05496883392334,47330057,132703,134321,1,1/1,1,中药Ⅱ,20260813
56,000006,深振业Ａ,10.0,7.7,284308688,10394883314.2,10394961808.0,2.877089262008667,36384579,132727,132727,0,1/1,1,房地产开,20260813
57,603191,望变电气,10.0,16.94,626222064,5589600984.660001,5589601001.6,11.903421401977539,11812262,133402,144702,1,2/2,2,电网设备,20260813
58,601991,大唐发电,10.015897750854492,6.92,5966665984,85780936613.52,128066436853.76,7.243410110473633,377052579,134501,134501,0,1/1,1,电力,20260813
59,002724,海洋王,10.0,6.16,132488055,3497494628.32,4752427680.0,3.928148031234741,47744065,140048,140048,0,1/1,1,照明设备,20260813
1,000802,北京文化,10.058026313781738,5.69,662665200,4071445388.4500003,4073472456.6400003,16.280929565429688,243463634,092500,094509,1,3/3,3,影视院线,20260812
2,300862,蓝盾光电,19.98538589477539,32.84,68193574,4974307869.88,6062851901.68,1.3709157705307007,637629978,092500,092500,0,3/3,3,通用设备,20260812
3,002682,龙洲股份,10.065646171569824,5.03,82609170,2828714027.82,2828714017.76,2.9204511642456055,72472240,092500,093051,1,1/1,1,物流,20260812
4,002483,润邦股份,9.942638397216797,5.75,42109205,5090192094.25,5097193392.0,0.8272616267204285,103302545,092500,092500,0,1/1,1,专用设备,20260812
5,600602,云赛智联,9.99456787109375,20.25,407700624,21754635547.5,27695387484.0,1.8740861415863037,336439554,092500,092500,0,1/1,1,软件开发,20260812
6,603758,秦安股份,10.015772819519043,13.95,36309869,6041968883.549999,6041968869.599999,0.6009608507156372,270724050,092502,092502,0,4/4,4,汽车零部,20260812
7,605286,同力天启,10.010649681091309,30.99,80025198,5206320000.0,5206320000.0,1.5370780229568481,93320465,092502,092502,0,3/3,3,专用设备,20260812
8,600683,京投发展,10.018726348876953,11.75,27408050,8704136764.75,8704136800.0,0.31488531827926636,123265725,092502,092502,0,3/3,3,房地产开,20260812
9,603887,城地香江,9.980620384216309,11.35,81186845,6833033928.349999,6833033962.4,1.1881521940231323,212496674,092503,092503,0,2/2,2,IT服务Ⅱ,20260812
10,002229,鸿博股份,9.96592903137207,12.91,333566384,6366646064.33,6405832110.08,5.246940612792969,279254247,093000,093000,0,2/2,2,IT服务Ⅱ,20260812
11,002248,华东数控,10.036166191101074,12.17,862786464,3742221452.0,3742221452.0,23.2332820892334,87100677,093021,094033,7,3/3,3,通用设备,20260812
12,002031,巨轮智能,9.931507110595703,6.42,1351865024,12285444097.92,14120120162.88,11.079778671264648,306725200,093030,093206,1,2/2,2,专用设备,20260812
13,601886,江河集团,9.968521118164062,10.48,295032496,11873861588.800001,11873861630.720001,2.512392282485962,22056134,093053,095535,3,3/2,1,装修装饰,20260812
14,002047,宝鹰股份,10.112359046936035,3.92,146427562,5943343033.04,5943694856.96,2.5292186737060547,77686622,093209,093209,0,2/2,2,装修装饰,20260812
15,603102,百合股份,9.992152214050293,42.05,212603139,2691200000.0,2691200000.0,8.020476341247559,23087552,093235,093444,2,4/2,1,食品加工,20260812
16,000410,沈阳机床,9.923664093017578,5.76,220247169,11353065598.08,15258660526.08,1.976365566253662,70385091,093236,093336,1,1/1,1,通用设备,20260812
17,000665,湖北广电,9.950248718261719,4.42,146807570,5026069427.6,5026200736.96,2.95646071434021,10645128,093321,093336,1,1/1,1,电视广播,20260812
18,603538,美诺华,10.0,33.33,1432172448,11229541966.83,11329806639.359999,13.069466590881348,240465884,093335,095353,1,1/1,1,化学制药,20260812
19,600162,香江控股,10.023309707641602,4.72,789468112,15427027935.839998,15427027964.16,5.207423210144043,63862803,093340,101249,2,2/2,2,房地产开,20260812
20,600721,百花医药,10.039215087890625,14.03,1840794640,5395203319.05,5395203276.96,34.42912673950195,83499460,093345,150000,11,7/7,7,医疗服务,20260812
21,603191,望变电气,10.0,15.4,173020194,5081455440.6,5081455456.0,3.4450578689575195,70778507,093357,093524,1,1/1,1,电网设备,20260812
22,000887,中鼎股份,10.010213851928711,21.54,1184961104,28311542896.32,28357189085.76,4.2744269371032715,195652860,093403,094042,3,1/1,1,汽车零部,20260812
23,002081,金 螳 螂,10.075567245483398,4.37,283909136,11555343500.68,11603764551.52,2.5076334476470947,141370802,093454,093454,0,1/1,1,装修装饰,20260812
24,002329,皇氏集团,9.947644233703613,4.2,514912704,2736690280.8,3496096732.8,19.418535232543945,73025513,093503,094706,4,3/3,3,饮料乳品,20260812
25,600604,市北高新,10.10988998413086,5.01,184122214,7051348568.04,9385257048.0,2.6421966552734375,41437209,093603,093603,0,1/1,1,房地产开,20260812
26,002520,日发精机,10.016695022583008,6.59,410319296,4727930726.89,4944115657.12,8.82384204864502,43028034,093624,094327,1,1/1,1,通用设备,20260812
27,002437,誉衡药业,9.97150993347168,3.86,2041019456,8106593864.86,8607290974.08,25.62903594970703,62188846,093630,130548,4,4/3,1,化学制药,20260812
28,000048,京基智农,9.981768608093262,24.13,602957728,12772075357.5,12793792405.76,4.767431735992432,36995874,093642,112336,4,1/1,1,养殖业,20260812
29,603076,乐惠国际,10.019083976745605,23.06,92162820,2783372992.64,2783372992.64,3.3653857707977295,41056047,093814,095041,1,1/1,1,专用设备,20260812
30,301602,超研股份,19.97389030456543,18.38,226785824,3832218806.58,7872698636.16,6.102799892425537,33851585,093827,094721,1,1/1,1,医疗器械,20260812
31,603232,格尔软件,10.024450302124023,18.0,365546848,4163399910.0,4185820710.0,8.965251922607422,71476200,093910,093910,0,1/1,1,软件开发,20260812
32,002357,富临运业,10.022026062011719,9.99,91864935,3131643082.14,3131755509.6,3.0003082752227783,72765162,093927,093927,0,1/1,1,铁路公路,20260812
33,002146,荣盛发展,10.434782028198242,1.27,493880800,4967632115.77,5522168076.8,10.266216278076172,32939565,094015,134845,2,1/1,1,房地产开,20260812
34,002421,达实智能,9.915014266967773,3.88,678819840,7773103481.679999,8227856732.16,9.048527717590332,90258069,094030,094030,0,1/1,1,IT服务Ⅱ,20260812
35,000593,德龙汇能,10.013060569763184,25.27,437659200,9058869680.63,9062605572.16,5.022810935974121,235865707,094057,094057,0,9/5,1,燃气Ⅱ,20260812
36,002178,延华智能,9.935205459594727,5.09,145042108,3622976274.22,3624858810.72,4.108565807342529,37913374,094118,094118,0,1/1,1,软件开发,20260812
37,603277,银都股份,10.018903732299805,11.64,56330289,7097443731.0,7120350587.52,0.8153176307678223,48164725,094157,094357,1,1/1,1,通用设备,20260812
38,301315,威士顿,19.98960304260254,46.16,261712727,4062079999.9999995,4062079999.9999995,6.68107271194458,70260182,094157,094157,0,1/1,1,软件开发,20260812
39,603690,至纯科技,9.991942405700684,27.3,666696816,10454924025.0,10454924188.800001,6.573439121246338,69325674,094628,094628,0,1/1,1,半导体,20260812
40,001260,坤泰股份,10.011507987976074,19.12,67428857,2198800000.0,2198800000.0,3.102699041366577,21901960,094903,094903,0,1/1,1,汽车零部,20260812
41,002870,香山股份,10.006949424743652,47.49,477704432,6161000889.06,6272271953.64,7.8797197341918945,33057789,094918,104606,5,1/1,1,汽车零部,20260812
42,603289,泰瑞机器,10.011778831481934,9.34,105229458,2740336143.16,2740336124.48,3.9237301349639893,38423592,094924,094924,0,1/1,1,专用设备,20260812
43,603466,风语筑,9.964726448059082,12.47,647319968,7417511295.240001,7417511345.120001,9.008111953735352,52521569,095038,095114,1,1/1,1,数字媒体,20260812
44,688167,炬光科技,20.0,245.52,2001940256,31951720159.920002,31951720159.920002,6.619627952575684,98799457,095043,095043,0,1/1,1,半导体,20260812
45,600857,宁波中百,9.977703094482422,19.73,188829475,4425832001.87,4425832001.87,4.351776123046875,17017125,095111,101744,4,1/1,1,一般零售,20260812
46,002005,德豪润达,10.087719917297363,2.51,85493485,4397455387.58,4398586408.639999,1.994863748550415,21989106,095239,095239,0,1/1,1,小家电,20260812
47,003032,传智教育,9.96592903137207,12.91,815163680,3672657559.28,5195597276.64,22.9164981842041,107418946,095330,095545,1,13/9,1,教育,20260812
48,002379,宏桥控股,10.0,21.34,1486559696,24250215889.02,278084065290.24,6.266773700714111,259756882,095542,095542,0,1/1,1,工业金属,20260812
49,920856,浩淼科技,29.939075469970703,14.93,141368683,792186352.41,1420240556.04,18.506013870239258,8986068,095635,101505,3,1/1,1,专用设备,20260812
50,000692,惠天热电,9.90099048614502,4.44,226367086,2365778413.44,2365778413.44,9.770297050476074,23745564,095939,101745,4,1/1,1,电力,20260812
51,605179,一鸣食品,9.989142417907715,30.39,828026160,12186390000.0,12186390000.0,7.07820463180542,67842636,100051,101533,1,12/8,3,饮料乳品,20260812
52,600397,江钨装备,9.97652530670166,18.74,1736221296,18551848188.68,18551848301.12,9.77148151397705,111787829,100514,100514,0,7/4,1,专用设备,20260812
53,002491,通鼎互联,9.982486724853516,18.84,1472346432,22164673529.64,23173096304.64,6.927977085113525,273108125,101015,101015,0,1/1,1,通信设备,20260812
54,600379,宝光股份,10.037175178527832,14.8,415051328,4886983147.2,4886983206.400001,8.736529350280762,89004240,101234,103022,1,1/1,1,电网设备,20260812
55,603396,金辰股份,9.984025001525879,27.54,158694513,3815046744.12,3815046744.12,4.291443347930908,49244274,102008,102123,1,1/1,1,光伏设备,20260812
56,603330,天洋新材,9.962639808654785,8.83,228368100,3591277820.9,3820508311.84,6.5536789894104,58381840,102231,102231,0,1/1,1,塑料,20260812
57,600216,浙江医药,9.984025001525879,13.77,908486960,13100633070.75,13241751734.88,7.157702922821045,42209181,102530,102530,0,1/1,1,化学制药,20260812
58,002562,兄弟科技,10.0217866897583,5.05,252794763,4108272444.7999997,5771250696.0,6.338913917541504,40491581,102718,102718,0,1/1,1,化学制品,20260812
59,600641,先导基电,10.009239196777344,35.72,2532560144,33242100742.399998,33822050662.399998,8.069862365722656,163265582,102859,102859,0,4/3,1,半导体,20260812
60,601700,风范股份,10.0,7.59,1186776832,8643167907.0,8643167876.64,14.372735023498535,59975861,103353,103353,0,8/6,1,电网设备,20260812
61,600105,永鼎股份,10.0106782913208,41.21,8165109760,60248805790.42,60248805708.0,13.942947387695312,355914286,104439,133312,7,1/1,1,通信设备,20260812
62,000936,华西股份,9.923664093017578,5.76,165479808,5102711061.12,5103434188.8,3.3274338245391846,52100075,104457,104648,1,1/1,1,化学纤维,20260812
63,002552,宝鼎科技,9.9981689453125,60.07,2053271664,22135992570.23,23306278652.96,9.88469123840332,110966470,104715,104715,0,9/7,1,元件,20260812
64,002164,宁波东力,10.0,13.09,448920304,6280256621.87,6966153680.64,7.3239312171936035,72844541,105009,130551,1,1/1,1,通用设备,20260812
65,002792,通宇通讯,9.988144874572754,37.11,3280191856,12536666527.02,19439555147.52,27.19345474243164,63653001,105139,142751,4,8/5,1,通信设备,20260812
66,605289,罗曼股份,10.005033493041992,109.29,388216720,16655630316.36,16678801545.000002,2.4260687828063965,130717397,110113,110113,0,4/2,1,专业工程,20260812
67,002172,澳洋健康,9.970674514770508,3.75,195547428,2869277737.5,2871496380.0,6.95529842376709,10674292,110809,112521,2,1/1,1,医疗服务,20260812
68,603052,可川科技,10.009407043457031,58.47,218412164,10986354078.539999,10986354078.539999,2.0662853717803955,62528987,110824,110824,0,1/1,1,消费电子,20260812
69,001696,宗申动力,9.98727798461914,17.29,1287671856,15412275310.25,19797515585.12,8.745772361755371,205736943,112036,112312,1,1/1,1,通用设备,20260812
70,600881,亚泰集团,10.16042709350586,2.06,755997408,6658231035.28,6658231043.52,11.902179718017578,53301855,130545,130545,0,2/2,2,综合Ⅱ,20260812
71,002589,瑞康医药,9.907120704650879,3.55,823234416,4847849995.4,5341722147.2,17.872495651245117,30036550,131412,134157,2,4/3,1,医药商业,20260812
72,603269,海鸥股份,10.025062561035156,17.56,683175472,7584962804.4,7584962769.28,9.363752365112305,73029335,132242,140145,1,3/2,1,通用设备,20260812
73,001313,粤海饲料,10.041265487670898,8.0,162637084,5593226008.0,5600000000.0,3.0294644832611084,27192800,132342,132342,0,1/1,1,饲料,20260812
74,000715,中兴商业,9.93914794921875,5.42,145834174,2636032880.6,2929155662.08,5.711686611175537,34034310,132400,132400,0,1/1,1,一般零售,20260812
75,000720,新能泰山,10.081744194030762,4.04,520377648,5076387546.84,5076387534.72,10.598272323608398,64794166,132824,140454,1,1/1,1,电网设备,20260812
76,603696,安记食品,9.992862701416016,15.41,431297104,3624432000.0,3624432000.0,12.612469673156738,57839894,133003,133003,0,1/1,1,调味发酵,20260812
77,002582,好想你,9.960552215576172,11.15,497224672,3838271294.7000003,4991942951.2,13.459085464477539,78386730,134042,134042,0,1/1,1,休闲食品,20260812
78,600266,城建发展,10.047846794128418,4.6,473982112,9548420132.199999,9548420118.4,5.183041095733643,72819067,134521,134733,1,1/1,1,房地产开,20260812
79,000736,中交发展,10.0,4.95,167812541,3698137084.9500003,3698137080.0,4.744586944580078,25197816,134939,134939,0,1/1,1,房地产服,20260812
80,603369,今世缘,9.989258766174316,30.72,1366879888,38301697136.64,38301696983.04,3.6331562995910645,67587594,135254,145124,2,1/1,1,白酒Ⅱ,20260812
81,002244,滨江集团,10.046189308166504,9.53,540867808,26279445210.199997,29652060252.64,2.154656171798706,26030242,135806,135806,0,1/1,1,房地产开,20260812
82,603615,茶花股份,9.993868827819824,17.94,120908610,4338250800.0,4338250800.0,2.9035961627960205,84352086,135908,135908,0,1/1,1,家居用品,20260812
83,601155,新城控股,10.036166191101074,12.17,545589280,27450930157.52,27450930254.88,2.072352886199951,86822812,140444,140444,0,1/1,1,房地产开,20260812
84,002573,清新环境,10.153846740722656,3.58,136056485,5058551380.82,5066656117.76,2.7683258056640625,20159409,141109,142712,2,1/1,1,环境治理,20260812
85,600234,科新发展,10.018814086914062,23.39,80274108,6140365558.47,6140365558.47,1.3606531620025635,24405126,141506,141506,0,1/1,1,装修装饰,20260812
86,603095,越剑智能,9.969558715820312,14.45,97686296,3731989940.0,3731989940.0,2.7429466247558594,25515810,141529,141529,0,1/1,1,专用设备,20260812
87,600376,首开股份,9.950248718261719,4.42,1043388336,11401678369.64,11401678396.16,9.657018661499023,73588734,142616,142616,0,1/1,1,房地产开,20260812
88,300197,节能铁汉,19.791667938232422,2.3,612238064,6820013083.999999,6820185583.999999,9.970423698425293,70668415,142727,142727,0,1/1,1,基础建设,20260812
89,688635,长进光子,19.99839973449707,300.02,1256980448,5327310230.34,28102873400.0,25.3856201171875,233003332,142833,142833,0,1/1,1,通信设备,20260812
90,600572,康恩贝,9.953703880310059,4.75,899269616,12026003345.5,12058027152.0,7.823694705963135,105032000,143328,144925,1,1/1,1,中药Ⅱ,20260812
91,603228,景旺电子,10.002240180969238,98.21,6144858112,96433726602.78,98327467016.79999,6.765429496765137,444950618,144307,144307,0,5/3,1,元件,20260812
92,603897,长城科技,9.986272811889648,32.05,1030141952,6616263576.049999,6616263576.049999,16.58735466003418,38160941,144346,144416,1,2/2,2,电网设备,20260812
